-- phpMyAdmin SQL Dump
-- version 5.2.1
-- https://www.phpmyadmin.net/
--
-- Host: 127.0.0.1
-- Generation Time: Feb 25, 2025 at 07:41 AM
-- Server version: 10.4.32-MariaDB
-- PHP Version: 8.2.12

SET SQL_MODE = "NO_AUTO_VALUE_ON_ZERO";
START TRANSACTION;
SET time_zone = "+00:00";


/*!40101 SET @OLD_CHARACTER_SET_CLIENT=@@CHARACTER_SET_CLIENT */;
/*!40101 SET @OLD_CHARACTER_SET_RESULTS=@@CHARACTER_SET_RESULTS */;
/*!40101 SET @OLD_COLLATION_CONNECTION=@@COLLATION_CONNECTION */;
/*!40101 SET NAMES utf8mb4 */;

--
-- Database: `ntdb`
--

-- --------------------------------------------------------

--
-- Table structure for table `address`
--

CREATE TABLE `address` (
  `id_address` int(11) NOT NULL,
  `info_address` text DEFAULT NULL,
  `id_amphures` int(11) DEFAULT NULL,
  `id_tambons` int(11) DEFAULT NULL
) ENGINE=InnoDB DEFAULT CHARSET=utf8mb4 COLLATE=utf8mb4_general_ci;

--
-- Dumping data for table `address`
--

INSERT INTO `address` (`id_address`, `info_address`, `id_amphures`, `id_tambons`) VALUES
(1, '', 7110, 711007),
(2, 'หมู่ 4', 7110, 711003),
(3, '', 7101, 710105),
(4, '555', 7109, 710901),
(5, '187 หมู่ 2', 7104, 710404),
(6, '', 7113, 711301),
(7, '', 7102, 710201),
(8, '', 7101, 710103),
(9, '', 7106, 710610),
(10, '', 7103, 710308),
(11, '', 7101, 710103),
(12, 'ห้องคอมพิวเตอร์', 7102, 710202),
(13, '', 7111, 711103),
(14, '', 7101, 710107),
(15, '', 7106, 710604),
(16, '', 7110, 711001),
(17, '', 7106, 710609),
(18, '', 7101, 710116),
(19, '', 7113, 711302),
(20, '', 7101, 710107),
(21, '', 7110, 711001),
(22, '', 7107, 710705),
(23, '', 7105, 710506),
(24, '', 7106, 710611),
(25, '', 7106, 710604),
(26, '', 7102, 710201),
(27, '', 7104, 710405),
(28, '', 7102, 710203),
(29, '', 7111, 711101),
(30, '', 7106, 710604),
(31, '', 7104, 710404),
(32, '', 7112, 711201),
(33, '', 7101, 710107),
(34, '', 7112, 711203),
(35, '', 7107, 710706),
(36, '', 7104, 710404),
(37, '', 7101, 710105),
(38, '', 7106, 710603),
(39, '', 7112, 711203),
(40, '', 7101, 710103),
(41, '', 7103, 710302),
(42, '', 7104, 710402),
(43, '', 7101, 710107),
(44, '', 7110, 711003),
(45, '', 7111, 711103),
(46, '', 7101, 710108),
(47, '', 7104, 710404),
(48, '', 7101, 710108),
(49, '', 7101, 710110),
(50, '', 7109, 710906),
(51, '', 7101, 710103),
(52, '', 7109, 710902),
(53, '', 7101, 710103),
(54, '', 7104, 710402),
(55, '', 7101, 710103),
(56, '', 7110, 711001),
(57, '', 7109, 710901),
(58, '', 7112, 711201);

-- --------------------------------------------------------

--
-- Table structure for table `amphures`
--

CREATE TABLE `amphures` (
  `id_amphures` int(11) NOT NULL,
  `name_amphures` varchar(150) NOT NULL
) ENGINE=InnoDB DEFAULT CHARSET=utf8mb4 COLLATE=utf8mb4_general_ci;

--
-- Dumping data for table `amphures`
--

INSERT INTO `amphures` (`id_amphures`, `name_amphures`) VALUES
(7101, 'เมืองกาญจนบุรี'),
(7102, 'ไทรโยค'),
(7103, 'บ่อพลอย'),
(7104, 'ศรีสวัสดิ์'),
(7105, 'ท่ามะกา'),
(7106, 'ท่าม่วง'),
(7107, 'ทองผาภูมิ'),
(7108, 'สังขละบุรี'),
(7109, 'พนมทวน'),
(7110, 'เลาขวัญ'),
(7111, 'ด่านมะขามเตี้ย'),
(7112, 'หนองปรือ'),
(7113, 'ห้วยกระเจา');

-- --------------------------------------------------------

--
-- Table structure for table `bill_customer`
--

CREATE TABLE `bill_customer` (
  `id_bill` int(11) NOT NULL,
  `number_bill` varchar(50) DEFAULT NULL,
  `type_bill` enum('CIP+','Special Bill','Nt1') DEFAULT NULL,
  `status_bill` enum('ใช้งาน','ยกเลิกใช้งาน') DEFAULT NULL,
  `id_customer` int(11) DEFAULT NULL,
  `create_at` date DEFAULT NULL,
  `update_at` date DEFAULT NULL,
  `date_count` int(11) DEFAULT NULL,
  `end_date` date DEFAULT NULL,
  `contact_count` int(11) DEFAULT 0,
  `contact_status` enum('ยังไม่ได้เลือก','ต่อสัญญา','ยกเลิกสัญญา') DEFAULT 'ยังไม่ได้เลือก'
) ENGINE=InnoDB DEFAULT CHARSET=utf8mb4 COLLATE=utf8mb4_general_ci;

--
-- Dumping data for table `bill_customer`
--

INSERT INTO `bill_customer` (`id_bill`, `number_bill`, `type_bill`, `status_bill`, `id_customer`, `create_at`, `update_at`, `date_count`, `end_date`, `contact_count`, `contact_status`) VALUES
(1, '0994000529660', 'CIP+', 'ใช้งาน', 1, '2021-10-01', '2025-02-25', 48, '2025-10-01', 0, 'ยังไม่ได้เลือก'),
(2, '0994000529864', 'CIP+', 'ใช้งาน', 3, '2022-01-29', '2025-02-20', 48, '2026-01-29', 0, 'ยังไม่ได้เลือก'),
(3, '0994000530447', 'CIP+', 'ใช้งาน', 2, '2007-11-27', '2025-02-20', 240, '2027-11-27', 0, 'ยังไม่ได้เลือก'),
(5, '0994000160542', 'CIP+', 'ใช้งาน', 4, '2009-10-10', '2025-02-20', 240, '2029-10-10', 0, 'ยังไม่ได้เลือก'),
(6, '0994000528990', 'CIP+', 'ใช้งาน', 5, '2016-03-22', '2025-02-20', 240, '2036-03-22', 0, 'ยังไม่ได้เลือก'),
(7, '0994000530633', 'CIP+', 'ใช้งาน', 6, '2018-09-24', '2025-02-20', 240, '2038-09-24', 0, 'ยังไม่ได้เลือก'),
(8, '0994000780958', 'CIP+', 'ใช้งาน', 7, '2017-07-01', '2025-02-20', 420, '2052-07-01', 0, 'ยังไม่ได้เลือก'),
(9, '0994000160542', 'CIP+', 'ใช้งาน', 8, '2008-03-03', '2025-02-20', 420, '2043-03-03', 0, 'ยังไม่ได้เลือก'),
(10, '0994000530048', 'CIP+', 'ใช้งาน', 9, '2016-05-27', '2025-02-20', 420, '2051-05-27', 0, 'ยังไม่ได้เลือก'),
(11, '0105528035057', 'CIP+', 'ใช้งาน', 10, '2023-11-18', '2025-02-21', 420, '2058-11-18', 0, 'ยังไม่ได้เลือก'),
(12, '0994000533446', 'CIP+', 'ใช้งาน', 11, '2013-10-03', '2025-02-20', 420, '2048-10-03', 0, 'ยังไม่ได้เลือก'),
(13, '0994000070390', 'CIP+', 'ใช้งาน', 12, '2018-12-03', '2025-02-20', 420, '2053-12-03', 0, 'ยังไม่ได้เลือก'),
(14, '0994000530501', 'CIP+', 'ใช้งาน', 13, '2020-05-22', '2025-02-20', 420, '2055-05-22', 0, 'ยังไม่ได้เลือก'),
(15, '0992003714601', 'CIP+', 'ใช้งาน', 14, '2021-10-18', '2025-02-21', 420, '2056-10-18', 0, 'ยังไม่ได้เลือก'),
(16, '312010********', 'CIP+', 'ใช้งาน', 15, '2023-08-08', '2025-02-20', 420, '2058-08-08', 0, 'ยังไม่ได้เลือก'),
(17, '0165545000193', 'CIP+', 'ใช้งาน', 16, '2012-03-16', '2025-02-20', 420, '2047-03-16', 0, 'ยังไม่ได้เลือก'),
(18, '0994000530102', 'CIP+', 'ใช้งาน', 17, '2017-03-13', '2025-02-20', 420, '2052-03-13', 0, 'ยังไม่ได้เลือก'),
(19, '0994000529911', 'CIP+', 'ใช้งาน', 18, '2015-09-29', '2025-02-20', 420, '2050-09-29', 0, 'ยังไม่ได้เลือก'),
(20, '0994000530641', 'CIP+', 'ใช้งาน', 19, '2014-07-01', '2025-02-21', 420, '2049-07-01', 0, 'ยังไม่ได้เลือก'),
(21, '0994000529384', 'CIP+', 'ใช้งาน', 20, '2013-05-14', '2025-02-21', 420, '2048-05-14', 0, 'ยังไม่ได้เลือก'),
(22, '0994000532750', 'CIP+', 'ใช้งาน', 21, '2012-09-27', '2025-02-21', 420, '2047-09-27', 0, 'ยังไม่ได้เลือก'),
(23, '0994000530307', 'CIP+', 'ใช้งาน', 22, '2020-10-10', '2025-02-21', 420, '2055-10-10', 0, 'ยังไม่ได้เลือก'),
(24, '0994000529040', 'CIP+', 'ใช้งาน', 23, '2018-07-11', '2025-02-21', 420, '2053-07-11', 0, 'ยังไม่ได้เลือก'),
(25, '0994000530781', 'CIP+', 'ใช้งาน', 24, '2022-02-01', '2025-02-21', 420, '2057-02-01', 0, 'ยังไม่ได้เลือก'),
(26, '0994000529686', 'CIP+', 'ใช้งาน', 25, '2023-08-01', '2025-02-21', 420, '2058-08-01', 0, 'ยังไม่ได้เลือก'),
(27, '0994000070390', 'CIP+', 'ใช้งาน', 26, '2018-02-01', '2025-02-21', 420, '2053-02-01', 0, 'ยังไม่ได้เลือก'),
(28, '0994000530552', 'CIP+', 'ใช้งาน', 27, '2008-03-20', '2025-02-21', 420, '2043-03-20', 0, 'ยังไม่ได้เลือก'),
(29, '0994000532261', 'CIP+', 'ใช้งาน', 28, '2008-12-18', '2025-02-21', 420, '2043-12-18', 0, 'ยังไม่ได้เลือก'),
(30, '0994002649654', 'CIP+', 'ใช้งาน', 29, '2018-01-01', '2025-02-21', 420, '2053-01-01', 0, 'ยังไม่ได้เลือก'),
(31, '0994000529074', 'CIP+', 'ใช้งาน', 30, '2013-03-04', '2025-02-21', 420, '2048-03-04', 0, 'ยังไม่ได้เลือก'),
(32, '0994000529619', 'CIP+', 'ใช้งาน', 31, '2018-02-01', '2025-02-21', 420, '2053-02-01', 0, 'ยังไม่ได้เลือก'),
(33, '0994000160844', 'CIP+', 'ใช้งาน', 32, '2020-01-01', '2025-02-21', 420, '2055-01-01', 0, 'ยังไม่ได้เลือก'),
(34, '0994000529619', 'CIP+', 'ใช้งาน', 33, '2018-01-02', '2025-02-21', 420, '2053-01-02', 0, 'ยังไม่ได้เลือก'),
(35, '0994000530609', 'CIP+', 'ใช้งาน', 34, '2020-11-12', '2025-02-21', 420, '2055-11-12', 0, 'ยังไม่ได้เลือก'),
(36, '0994000070390', 'CIP+', 'ใช้งาน', 35, '2018-02-01', '2025-02-21', 420, '2053-02-01', 0, 'ยังไม่ได้เลือก'),
(37, '0715553000436', 'CIP+', 'ใช้งาน', 36, '2016-05-16', '2025-02-21', 420, '2051-05-16', 0, 'ยังไม่ได้เลือก'),
(38, '0715539000653', 'CIP+', 'ใช้งาน', 37, '2016-11-16', '2025-02-21', 420, '2051-11-16', 0, 'ยังไม่ได้เลือก'),
(39, '0994000530030', 'CIP+', 'ใช้งาน', 38, '2019-08-13', '2025-02-21', 420, '2054-08-13', 0, 'ยังไม่ได้เลือก'),
(40, '0994002454110', 'CIP+', 'ใช้งาน', 39, '2019-05-30', '2025-02-21', 420, '2054-05-30', 0, 'ยังไม่ได้เลือก'),
(41, '0994000528914', 'CIP+', 'ใช้งาน', 40, '1970-01-01', '2025-02-21', 2000, '2136-09-01', 0, 'ยังไม่ได้เลือก'),
(42, '0994000672853', 'CIP+', 'ใช้งาน', 41, '2021-01-01', '2025-02-21', 420, '2056-01-01', 0, 'ยังไม่ได้เลือก'),
(43, '0994002450289', 'CIP+', 'ใช้งาน', 42, '2024-02-01', '2025-02-21', 420, '2059-02-01', 0, 'ยังไม่ได้เลือก'),
(44, '0994002450289', 'Special Bill', 'ใช้งาน', 42, '2024-04-15', '2025-02-25', 410, '2058-06-15', 0, 'ยังไม่ได้เลือก'),
(45, '0994000529619', 'CIP+', 'ใช้งาน', 43, '2018-02-01', '2025-02-21', 420, '2053-02-01', 0, 'ยังไม่ได้เลือก'),
(46, '0994000672853', 'CIP+', 'ใช้งาน', 44, '2018-04-02', '2025-02-21', 420, '2053-04-02', 0, 'ยังไม่ได้เลือก'),
(47, '0994000529619', 'CIP+', 'ใช้งาน', 45, '2018-02-01', '2025-02-21', 420, '2053-02-01', 0, 'ยังไม่ได้เลือก'),
(48, '0994000052961', 'CIP+', 'ใช้งาน', 46, '2019-01-17', '2025-02-21', 420, '2054-01-17', 0, 'ยังไม่ได้เลือก'),
(49, '0994000529619', 'CIP+', 'ใช้งาน', 47, '2019-06-10', '2025-02-21', 420, '2054-06-10', 0, 'ยังไม่ได้เลือก'),
(50, '0994002460136', 'CIP+', 'ใช้งาน', 48, '2018-12-18', '2025-02-21', 420, '2053-12-18', 0, 'ยังไม่ได้เลือก'),
(51, '0994000529619', 'CIP+', 'ใช้งาน', 49, '2018-11-13', '2025-02-21', 420, '2053-11-13', 0, 'ยังไม่ได้เลือก'),
(52, '0994000071451', 'CIP+', 'ใช้งาน', 50, '2018-02-01', '2025-02-21', 420, '2053-02-01', 0, 'ยังไม่ได้เลือก'),
(53, '0994000529147', 'CIP+', 'ใช้งาน', 51, '2023-07-01', '2025-02-21', 420, '2058-07-01', 0, 'ยังไม่ได้เลือก'),
(54, '0994000532709', 'CIP+', 'ใช้งาน', 52, '2017-04-10', '2025-02-21', 240, '2037-04-10', 0, 'ยังไม่ได้เลือก'),
(55, '0994000241810', 'CIP+', 'ใช้งาน', 53, '2018-06-01', '2025-02-21', 240, '2038-06-01', 0, 'ยังไม่ได้เลือก'),
(56, '0105529003230', 'CIP+', 'ใช้งาน', 54, '2016-03-30', '2025-02-21', 420, '2051-03-30', 0, 'ยังไม่ได้เลือก'),
(57, '0994000537191', 'CIP+', 'ใช้งาน', 55, '2012-03-21', '2025-02-21', 420, '2047-03-21', 0, 'ยังไม่ได้เลือก'),
(58, '0994000529074', 'CIP+', 'ใช้งาน', 56, '2020-11-13', '2025-02-21', 420, '2055-11-13', 0, 'ยังไม่ได้เลือก'),
(59, ' 0994000529074', 'CIP+', 'ใช้งาน', 57, '2018-06-05', '2025-02-21', 420, '2053-06-05', 0, 'ยังไม่ได้เลือก');

-- --------------------------------------------------------

--
-- Table structure for table `customers`
--

CREATE TABLE `customers` (
  `id_customer` int(11) NOT NULL,
  `name_customer` varchar(100) DEFAULT NULL,
  `phone_customer` varchar(50) DEFAULT NULL,
  `status_customer` enum('ใช้งาน','ไม่ได้ใช้งาน') DEFAULT NULL,
  `id_address` int(11) DEFAULT NULL,
  `create_at` datetime DEFAULT NULL,
  `update_at` datetime DEFAULT NULL,
  `id_customer_type` int(11) DEFAULT NULL
) ENGINE=InnoDB DEFAULT CHARSET=utf8mb4 COLLATE=utf8mb4_general_ci;

--
-- Dumping data for table `customers`
--

INSERT INTO `customers` (`id_customer`, `name_customer`, `phone_customer`, `status_customer`, `id_address`, `create_at`, `update_at`, `id_customer_type`) VALUES
(1, 'หนองฝ้าย', '', 'ใช้งาน', 1, '2025-02-20 12:38:56', '2025-02-20 12:38:56', 1),
(2, 'หนองประดู่', '', 'ใช้งาน', 2, '2025-02-20 12:51:16', '2025-02-20 12:51:16', 2),
(3, 'แก่งเสี้ยน', '', 'ใช้งาน', 3, '2025-02-20 13:01:47', '2025-02-20 13:01:47', 1),
(4, 'กองกำกับการ 2', '', 'ใช้งาน', 4, '2025-02-20 13:20:02', '2025-02-20 13:20:02', 3),
(5, 'ท่ากระดาน', '', 'ใช้งาน', 5, '2025-02-20 13:45:01', '2025-02-20 13:45:01', 4),
(6, 'ห้วยกระเจา', '', 'ใช้งาน', 6, '2025-02-20 13:56:46', '2025-02-20 13:56:46', 1),
(7, 'ไทรโยคมณีกาญจน์วิทยา', '', 'ใช้งาน', 7, '2025-02-20 14:06:48', '2025-02-20 14:06:48', 5),
(8, 'ศูนย์สร้างทาง', '', 'ใช้งาน', 8, '2025-02-20 14:25:32', '2025-02-20 14:25:32', 6),
(9, 'พังตรุ', '', 'ใช้งาน', 9, '2025-02-20 14:35:23', '2025-02-20 14:35:23', 2),
(10, 'เอส.เอ.พี เหมืองแร่', '', 'ใช้งาน', 10, '2025-02-20 14:54:52', '2025-02-20 14:55:01', 7),
(11, 'ดรุณากาญจนบุรี', '', 'ใช้งาน', 11, '2025-02-20 14:59:51', '2025-02-20 14:59:51', 5),
(12, 'อนุบาลไทรโยค', '', 'ใช้งาน', 12, '2025-02-20 15:10:03', '2025-02-20 15:10:03', 5),
(13, 'จรเข้เผือก', '', 'ใช้งาน', 13, '2025-02-20 15:28:36', '2025-02-20 15:28:36', 2),
(14, 'ห้างหุ้นส่วนสามัญ แควใหญ่ รีสอร์ท กาญจนบุรี', '', 'ใช้งาน', 14, '2025-02-20 15:48:38', '2025-02-20 15:48:38', 6),
(15, 'นางจันทนา ศศะศมิต', '', 'ใช้งาน', 15, '2025-02-20 15:54:05', '2025-02-20 15:54:05', 6),
(16, 'ไทยฟู๊คส์คอนแทรคฟาร์มมิ่ง', '', 'ใช้งาน', 16, '2025-02-20 16:04:49', '2025-02-20 16:04:49', 7),
(17, 'บ้านใหม่', '', 'ใช้งาน', 17, '2025-02-20 16:11:52', '2025-02-20 16:11:52', 2),
(18, 'วังเย็น', '', 'ใช้งาน', 18, '2025-02-20 16:18:21', '2025-02-20 16:18:21', 2),
(19, 'วังไผ่', '', 'ใช้งาน', 19, '2025-02-21 08:43:30', '2025-02-21 08:43:30', 2),
(20, 'เพาเวอร์ไนน์ อินเตอร์', '', 'ใช้งาน', 20, '2025-02-21 08:59:37', '2025-02-21 08:59:37', 7),
(21, 'เลาขวัญ', '', 'ใช้งาน', 21, '2025-02-21 09:04:39', '2025-02-21 09:04:39', 2),
(22, 'ชะแล', '', 'ใช้งาน', 22, '2025-02-21 09:11:48', '2025-02-21 09:11:48', 2),
(23, 'มะการักษ์(งานอุบัติเหตุฉุกเฉิน ER)', '', 'ใช้งาน', 23, '2025-02-21 09:17:03', '2025-02-21 09:17:03', 4),
(24, 'ท่าตะคร้อ', '', 'ใช้งาน', 24, '2025-02-21 09:24:14', '2025-02-21 09:24:14', 2),
(25, 'โครงการโรงเรียนสองภาษา รร.วิทสุธรังษี', '', 'ใช้งาน', 25, '2025-02-21 09:31:00', '2025-02-21 09:31:00', 6),
(26, 'บ้านวังโพธิ์', '', 'ใช้งาน', 26, '2025-02-21 09:36:18', '2025-02-21 09:36:18', 5),
(27, 'เขาโจด', '', 'ใช้งาน', 27, '2025-02-21 09:41:47', '2025-02-21 09:41:47', 1),
(28, 'สิงห์', '', 'ใช้งาน', 28, '2025-02-21 09:55:09', '2025-02-21 09:55:09', 2),
(29, 'ด่านมะขามเตี้ยวิทยาคม', '', 'ใช้งาน', 29, '2025-02-21 10:03:11', '2025-02-21 10:03:27', 5),
(30, 'ศูนย์บริการการศึกษานอกโรงเรียนอำเภอท่าม่วง', '', 'ใช้งาน', 30, '2025-02-21 10:52:39', '2025-02-21 10:52:39', 6),
(31, 'บ้านเจ้าเณร', '', 'ใช้งาน', 31, '2025-02-21 10:55:19', '2025-02-21 10:55:19', 5),
(32, 'ศูนย์ส่งเสริมการเรียนรู้อำเภอหนองปรือ', '', 'ใช้งาน', 32, '2025-02-21 11:00:15', '2025-02-21 15:27:24', 10),
(33, 'บ้านทุ่งนานางหรอก', '', 'ใช้งาน', 33, '2025-02-21 11:12:17', '2025-02-21 11:12:17', 5),
(34, 'สมเด็จเจริญ', '', 'ใช้งาน', 34, '2025-02-21 11:16:52', '2025-02-21 11:16:52', 2),
(35, 'บ้านห้วยเขย่ง', '', 'ใช้งาน', 35, '2025-02-21 11:22:58', '2025-02-21 11:22:58', 5),
(36, 'ศรีชงโค', '', 'ใช้งาน', 36, '2025-02-21 11:29:04', '2025-02-21 11:29:04', 7),
(37, 'ไทย-ออสท์ อะลูมิเนียม', '', 'ใช้งาน', 37, '2025-02-21 11:32:16', '2025-02-21 11:32:16', 7),
(38, 'เฉลิมพระเกียรติ 60 พรรษา นวมินทราชินี', '', 'ใช้งาน', 38, '2025-02-21 11:36:06', '2025-02-21 11:36:06', 8),
(39, 'หนองปรือ', '', 'ใช้งาน', 39, '2025-02-21 11:38:47', '2025-02-21 11:38:47', 4),
(40, 'ที่ทำการที่ดินจังหวัด', '', 'ใช้งาน', 40, '2025-02-21 11:43:39', '2025-02-21 11:43:39', 6),
(41, 'บ้านเสาหงส์', '', 'ใช้งาน', 41, '2025-02-21 11:50:20', '2025-02-21 11:50:20', 5),
(42, 'บ้านโป่งหวาย', '', 'ใช้งาน', 42, '2025-02-21 11:55:22', '2025-02-21 11:55:22', 5),
(43, 'บ้านจันอุย', '', 'ใช้งาน', 43, '2025-02-21 13:45:00', '2025-02-21 13:45:00', 5),
(44, 'บ้านตลุงเหนือ', '', 'ใช้งาน', 44, '2025-02-21 13:52:09', '2025-02-21 13:52:09', 5),
(45, 'บ้านท่ามะเฟือง', '', 'ใช้งาน', 45, '2025-02-21 13:57:15', '2025-02-21 13:57:15', 5),
(46, 'บ้านท่ามะนาว', '', 'ใช้งาน', 46, '2025-02-21 14:01:32', '2025-02-21 14:01:32', 5),
(47, 'บ้านบนเขาแก่งเรียง', '', 'ใช้งาน', 47, '2025-02-21 14:11:40', '2025-02-21 14:11:40', 5),
(48, 'บ้านวังด้ง', '', 'ใช้งาน', 48, '2025-02-21 14:19:37', '2025-02-21 14:19:37', 5),
(49, 'บ้านวังลาน', '', 'ใช้งาน', 49, '2025-02-21 14:26:03', '2025-02-21 14:26:03', 5),
(50, 'บ้านหนองจอก', '', 'ใช้งาน', 50, '2025-02-21 14:34:41', '2025-02-21 14:34:41', 5),
(51, 'เทศบาล 3(บ้านบ่อ)', '', 'ใช้งาน', 51, '2025-02-21 14:48:28', '2025-02-21 14:48:28', 5),
(52, 'การอาชีพพนมทวน', '', 'ใช้งาน', 52, '2025-02-21 15:02:37', '2025-02-21 15:02:37', 9),
(53, 'ศูนย์ควบคุมโรคติดต่อนำโดยแมลงที่ 5.1 จังหวัดกาญจนบุรี   ', '', 'ใช้งาน', 53, '2025-02-21 15:06:40', '2025-02-21 15:06:40', 6),
(54, 'นงนุชวิลเลจ', '', 'ใช้งาน', 54, '2025-02-21 15:13:02', '2025-02-21 15:13:02', 7),
(55, 'สำนักงานตรวจเงินแผ่นดินภูมิภาคที่ 12', '', 'ใช้งาน', 55, '2025-02-21 15:22:04', '2025-02-21 15:22:04', 6),
(56, 'ศูนย์บริการการศึกษานอกโรงเรียนอำเภอเลาขวัญ', '', 'ใช้งาน', 56, '2025-02-21 15:29:04', '2025-02-21 15:29:04', 10),
(57, 'ห้องสมุดประชาชนอำเภอพนมทวน', '', 'ใช้งาน', 57, '2025-02-21 15:33:46', '2025-02-21 15:33:46', 6),
(58, 'TesT', '08775642155', 'ใช้งาน', 58, '2025-02-25 08:49:07', '2025-02-25 08:49:07', 1);

-- --------------------------------------------------------

--
-- Table structure for table `customer_types`
--

CREATE TABLE `customer_types` (
  `id_customer_type` int(11) NOT NULL,
  `type_customer` varchar(255) NOT NULL
) ENGINE=InnoDB DEFAULT CHARSET=utf8mb4 COLLATE=utf8mb4_general_ci;

--
-- Dumping data for table `customer_types`
--

INSERT INTO `customer_types` (`id_customer_type`, `type_customer`) VALUES
(1, 'เทศบาลตำบล'),
(2, 'อบต.'),
(3, 'สถานีตำรวจ'),
(4, 'โรงพยาบาล'),
(5, 'โรงเรียน'),
(6, 'อื่นๆ'),
(7, 'บจก.'),
(8, 'สถานีอนามัย'),
(9, 'มหาลัย'),
(10, 'ศูนย์ส่งเสริมการเรียนรู้อำเภอ');

-- --------------------------------------------------------

--
-- Table structure for table `gedget`
--

CREATE TABLE `gedget` (
  `id_gedget` int(11) NOT NULL,
  `name_gedget` varchar(100) DEFAULT NULL,
  `id_bill` int(11) NOT NULL,
  `create_at` date DEFAULT NULL,
  `status_gedget` enum('ใช้งาน','ยกเลิก') DEFAULT 'ใช้งาน',
  `note` text DEFAULT NULL
) ENGINE=InnoDB DEFAULT CHARSET=utf8mb4 COLLATE=utf8mb4_general_ci;

--
-- Dumping data for table `gedget`
--

INSERT INTO `gedget` (`id_gedget`, `name_gedget`, `id_bill`, `create_at`, `status_gedget`, `note`) VALUES
(1, 'asd ตัวที่ 1', 44, '2025-02-26', 'ใช้งาน', ''),
(2, 'asd ตัวที่ 2', 44, '2025-02-26', 'ใช้งาน', ''),
(3, 'asd ตัวที่ 3', 44, '2025-02-26', 'ใช้งาน', ''),
(4, 'asd ตัวที่ 4', 44, '2025-02-26', 'ใช้งาน', '');

-- --------------------------------------------------------

--
-- Table structure for table `group_service`
--

CREATE TABLE `group_service` (
  `id_group` int(11) NOT NULL,
  `id_bill` int(11) NOT NULL,
  `group_name` varchar(100) DEFAULT NULL
) ENGINE=InnoDB DEFAULT CHARSET=utf8mb4 COLLATE=utf8mb4_general_ci;

-- --------------------------------------------------------

--
-- Table structure for table `group_servicedetail`
--

CREATE TABLE `group_servicedetail` (
  `id_group_detail` int(11) NOT NULL,
  `id_group` int(11) NOT NULL,
  `id_service` int(11) DEFAULT NULL,
  `id_gedget` int(11) DEFAULT NULL
) ENGINE=InnoDB DEFAULT CHARSET=utf8mb4 COLLATE=utf8mb4_general_ci;

-- --------------------------------------------------------

--
-- Table structure for table `notifications`
--

CREATE TABLE `notifications` (
  `id_notifications` int(11) NOT NULL,
  `id_user` int(11) NOT NULL,
  `id_bill` int(11) DEFAULT NULL,
  `message` text NOT NULL,
  `is_read` tinyint(1) DEFAULT 0,
  `created_at` datetime DEFAULT current_timestamp(),
  `task_id` int(11) DEFAULT NULL
) ENGINE=InnoDB DEFAULT CHARSET=utf8mb4 COLLATE=utf8mb4_general_ci;

-- --------------------------------------------------------

--
-- Table structure for table `overide`
--

CREATE TABLE `overide` (
  `id_overide` int(11) NOT NULL,
  `mainpackage_price` float DEFAULT NULL,
  `ict_price` float DEFAULT NULL,
  `all_price` float DEFAULT NULL,
  `info_overide` text DEFAULT NULL,
  `id_product` int(11) DEFAULT NULL
) ENGINE=InnoDB DEFAULT CHARSET=utf8mb4 COLLATE=utf8mb4_general_ci;

--
-- Dumping data for table `overide`
--

INSERT INTO `overide` (`id_overide`, `mainpackage_price`, `ict_price`, `all_price`, `info_overide`, `id_product`) VALUES
(1, 490, 0, 490, NULL, 1),
(2, 490, 5520, 6010, NULL, 2),
(3, 3500, 1500, 5000, NULL, 3),
(4, 0, 0, 0, NULL, 4),
(5, 0, 0, 0, NULL, 5),
(6, 0, 0, 0, NULL, 6),
(7, 100, 0, 100, NULL, 7),
(8, -5, 0, -5, NULL, 8),
(9, 799, 4051, 4850, NULL, 9),
(22, 350, 0, 350, NULL, 22),
(23, 12, 0, 12, NULL, 23),
(24, -12, 0, -12, NULL, 24),
(25, 0, 0, 0, NULL, 25),
(27, 1099, 3223.9, 4322.9, NULL, 27),
(28, 4290, 0, 4290, NULL, 28),
(29, 559, 0, 559, NULL, 29),
(30, 0, 0, 0, NULL, 30),
(31, 0, 0, 0, NULL, 31),
(32, 799, 4201, 5000, NULL, 32),
(33, 1200, 0, 1200, NULL, 33),
(34, 1690, 0, 1690, NULL, 34),
(35, 290, 0, 290, NULL, 35),
(36, 290, 0, 290, NULL, 36),
(37, 290, 0, 290, NULL, 37),
(38, 290, 0, 290, NULL, 38),
(39, 290, 0, 290, NULL, 39),
(40, 290, 0, 290, NULL, 40),
(41, 100, 0, 100, NULL, 41),
(42, -5, 0, -5, NULL, 42),
(43, 1490, 3010, 4500, NULL, 43),
(44, 0, 0, 0, NULL, 44),
(45, 0, 0, 0, NULL, 45),
(46, 0, 0, 0, NULL, 46),
(47, 0, 0, 0, NULL, 47),
(48, 1400, 3100, 4500, NULL, 48),
(49, 750, 3750, 4500, NULL, 49),
(50, 1490, 0, 1490, NULL, 50),
(51, 1490, 0, 1490, NULL, 51),
(52, 1490, 0, 1490, NULL, 52),
(53, 699, 702.87, 1401.87, NULL, 53),
(54, 699, 702.87, 1401.87, NULL, 54),
(56, 490, 0, 490, NULL, 56),
(57, 290, 0, 290, NULL, 57),
(58, 0, 0, 0, NULL, 58),
(59, 0, 0, 0, NULL, 59),
(60, 0, 0, 0, NULL, 60),
(61, 100, 0, 100, NULL, 61),
(62, 0, 0, 0, NULL, 62),
(63, 0, 0, 0, NULL, 63),
(64, 750, 2900, 3850, NULL, 64),
(65, 0, 0, 0, NULL, 65),
(66, 750, 0, 750, NULL, 66),
(67, 0, 0, 0, NULL, 67),
(68, 0, 0, 0, NULL, 68),
(69, 0, 0, 0, NULL, 69),
(70, 0, 0, 0, NULL, 70),
(71, 0, 0, 0, NULL, 71),
(72, 0, 0, 0, NULL, 72),
(73, 3990, 0, 3990, NULL, 73),
(74, 0, 0, 0, NULL, 74),
(75, 690, 1610, 2300, NULL, 75),
(76, 690, 0, 690, NULL, 76),
(77, 690, 0, 690, NULL, 77),
(78, 150, 0, 150, NULL, 78),
(79, 0, 0, 0, NULL, 79),
(80, 0, 0, 0, NULL, 80),
(81, 699, 2801, 3500, NULL, 81),
(82, 0, 0, 0, NULL, 82),
(83, 0, 0, 0, NULL, 83),
(84, 0, 0, 0, NULL, 84),
(85, 0, 0, 0, NULL, 85),
(86, 590, 2910, 3580, NULL, 86),
(87, 0, 0, 0, NULL, 87),
(88, 0, 0, 0, NULL, 88),
(89, 590, 2910, 3500, NULL, 89),
(90, 3500, 0, 3500, NULL, 90),
(91, 0, 0, 0, NULL, 91),
(92, 0, 0, 0, NULL, 92),
(93, 0, 0, 0, NULL, 93),
(94, 750, 3650, 4400, NULL, 94),
(95, 0, 0, 0, NULL, 95),
(96, 0, 0, 0, NULL, 96),
(97, 699, 2801, 3500, NULL, 97),
(98, 3000, 0, 3000, NULL, 98),
(99, 0, 0, 0, NULL, 99),
(100, 0, 0, 0, NULL, 100),
(101, 490, 0, 490, NULL, 101),
(102, 0, 0, 0, NULL, 102),
(103, 0, 0, 0, NULL, 103),
(104, 0, 0, 0, NULL, 104),
(105, 799, 2701, 3500, NULL, 105),
(106, 750, 1990, 2740, NULL, 106),
(107, 750, 0, 750, NULL, 107),
(108, 750, 1089.91, 1839.91, NULL, 108),
(109, 590, 0, 590, NULL, 109),
(110, 0, 0, 0, NULL, 110),
(111, 0, 0, 0, NULL, 111),
(112, 0, 0, 0, NULL, 112),
(113, 100, 0, 100, NULL, 113),
(114, -5, 0, -5, NULL, 114),
(115, -0.15, 0, -0.15, NULL, 115),
(116, 690, 860, 1550, NULL, 116),
(117, 590, 860, 1450, NULL, 117),
(118, 100, 0, 100, NULL, 118),
(119, -5, 0, -5, NULL, 119),
(120, 0, 0, 0, NULL, 120),
(121, 1000, 2000, 3000, NULL, 121),
(122, 1290, 579.16, 1869.16, NULL, 122),
(123, 590, 0, 590, NULL, 123),
(124, 0, 0, 0, NULL, 124),
(125, 1500, 0, 1500, NULL, 125),
(126, 0, 0, 0, NULL, 126),
(127, 1490, 0, 1490, NULL, 127),
(128, 0, 0, 0, NULL, 128),
(129, 0, 0, 0, NULL, 129),
(130, 0, 0, 0, NULL, 130),
(131, 799, 602.87, 1401.87, NULL, 131),
(132, 1190, 0, 1190, NULL, 132),
(133, 100, 0, 100, NULL, 133),
(134, 0, 0, 0, NULL, 134),
(135, 260, 990, 1250, NULL, 135),
(136, 599, 615.95, 1214.95, NULL, 136),
(137, 2290, 0, 2290, NULL, 137),
(138, 750, 0, 750, NULL, 138),
(139, 740, 0, 740, NULL, 139),
(140, 690, 0, 690, NULL, 140),
(141, 150, 0, 150, NULL, 141),
(142, 0, 0, 0, NULL, 142),
(143, 0, 0, 0, NULL, 143),
(144, 0, 0, 0, NULL, 144),
(145, 260, 0, 260, NULL, 145),
(146, 690, 810, 1500, NULL, 146),
(147, 590, 1232.43, 1822.43, NULL, 147),
(148, 0, 0, 0, NULL, 148),
(149, 0, 0, 0, NULL, 149),
(150, 0, 0, 0, NULL, 150),
(151, 599, 615.95, 1214.95, NULL, 151),
(152, 1490, 0, 1490, NULL, 152),
(153, 290, 0, 290, NULL, 153),
(154, 590, 689.16, 1279.16, NULL, 154),
(155, 490, 0, 490, NULL, 155),
(156, 0, 0, 0, NULL, 156),
(157, 0, 0, 0, NULL, 157),
(158, 0, 0, 0, NULL, 158),
(159, 599, 615.95, 1214.95, NULL, 159),
(160, 260, 0, 260, NULL, 160),
(161, 460, 0, 460, NULL, 161),
(162, 460, 0, 460, NULL, 162),
(163, 460, 0, 460, NULL, 163),
(164, 0, 0, 0, NULL, 164),
(165, 0, 0, 0, NULL, 165),
(166, 0, 0, 0, NULL, 166),
(167, 590, 1232.43, 1822.43, NULL, 167),
(168, 0, 0, 0, NULL, 168),
(169, 0, 0, 0, NULL, 169),
(170, 0, 0, 0, NULL, 170),
(171, 799, 0, 799, NULL, 171),
(172, 260, 0, 260, NULL, 172),
(173, 260, 0, 260, NULL, 173),
(174, 0, 0, 0, NULL, 174),
(175, 0, 0, 0, NULL, 175),
(176, 100, 0, 100, NULL, 176),
(177, 0, 0, 0, NULL, 177),
(178, 559, 0, 599, NULL, 178),
(179, 559, 0, 599, NULL, 179),
(180, 550, 0, 550, NULL, 180),
(181, 0, 0, 0, NULL, 181),
(182, 0, 0, 0, NULL, 182),
(183, 0, 0, 0, NULL, 183),
(184, 590, 0, 590, NULL, 184),
(185, 5190, 739.35, 5929.35, NULL, 185),
(186, 490, 0, 490, NULL, 186),
(187, 0, 0, 0, NULL, 187),
(188, 0, 0, 0, NULL, 188),
(189, 1790, 0, 1790, NULL, 189),
(190, 1200, 0, 1200, NULL, 190),
(191, 100, 0, 100, NULL, 191),
(192, 0, 0, 0, NULL, 192),
(193, 0, 0, 0, NULL, 193),
(194, 599, 700, 1299, NULL, 194),
(195, 799, 976.7, 1775.7, NULL, 195),
(196, 100, 0, 100, NULL, 196),
(197, -5, 0, -5, NULL, 197),
(198, 0, 0, 0, NULL, 198),
(199, 2490, 0, 2490, NULL, 199),
(200, 990, 410.87, 1400.87, NULL, 200),
(201, 0, 0, 0, NULL, 201),
(202, 0, 0, 0, NULL, 202),
(203, 0, 0, 0, NULL, 203),
(204, 599, 801, 1400, NULL, 204),
(230, 500, 700, 1200, NULL, 233);

-- --------------------------------------------------------

--
-- Table structure for table `package_list`
--

CREATE TABLE `package_list` (
  `id_package` int(11) NOT NULL,
  `name_package` varchar(255) DEFAULT NULL,
  `info_package` text DEFAULT NULL,
  `id_service` int(11) DEFAULT NULL,
  `create_at` date DEFAULT NULL,
  `update_at` date DEFAULT NULL,
  `status_package` enum('ใช้งาน','ยกเลิก') DEFAULT 'ใช้งาน'
) ENGINE=InnoDB DEFAULT CHARSET=utf8mb4 COLLATE=utf8mb4_general_ci;

--
-- Dumping data for table `package_list`
--

INSERT INTO `package_list` (`id_package`, `name_package`, `info_package`, `id_service`, `create_at`, `update_at`, `status_package`) VALUES
(1, 'NT ValueMAX Fiber ', 'ค่าบริการ NT ValueMAX Fiber 600Mb/600MMB', 1, '2021-10-01', '2025-02-20', 'ใช้งาน'),
(2, 'NT ValueMAX Fiber', ' ค่าบริการ NT ValueMAX Fiber 600Mb/600MMB', 2, '2021-10-01', '2025-02-20', 'ใช้งาน'),
(3, 'Fiber 2U 100Mb/30Mb ICT Solution KAN 1', ' ค่าบริการ Fiber 2U 100Mb/30Mb ICT Solution KAN 1', 3, '2007-11-21', '2025-02-20', 'ใช้งาน'),
(4, ' Fiber 2U 500Mb/500Mb bundle IP Phone SME Good Choice', 'ค่าบริการ Fiber 2U 500Mb/500Mb bundle IP Phone SME Good Choice', 4, '2022-01-29', '2025-02-20', 'ใช้งาน'),
(5, 'ส่วนลด 5% Govt. TYPE R_IP Phone', '', 5, '2024-09-01', '2025-02-20', 'ใช้งาน'),
(6, 'Fiber 2U 500Mb/500Mb bundle IP Phone SME Good Choice', 'ค่าบริการ Fiber 2U 500Mb/500Mb bundle IP Phone SME Good Choice', 6, '2022-01-29', '2025-02-20', 'ใช้งาน'),
(7, 'PS178 : ค่าบริการโทรศัพท์เหมาจ่าย คุ้มสุดสุด 3_IP Phone', 'ค่าบริการโทรศัพท์เหมาจ่าย คุ้มสุดสุด 3_IP Phone', 7, '2021-07-09', '2025-02-20', 'ใช้งาน'),
(8, 'Fiber 2U 1000Mb/500Mb bundle IP Phone SME Good Choice', 'ค่าบริการ Fiber 2U 1000Mb/500Mb bundle IP Phone SME Good Choice', 8, '2009-10-10', '2025-02-20', 'ใช้งาน'),
(9, 'Fiber 2U 1000Mb/500Mb bundle IP Phone SME Good Choice', 'ค่าบริการ Fiber 2U 1000Mb/500Mb bundle IP Phone SME Good Choice', 9, '2021-07-09', '2025-02-20', 'ใช้งาน'),
(10, 'Fiber 2U Up to 1000Mb/500Mb (Main Link) 1000Mb/200Mb (Backup Link) 1 (Main Link) Fixed IP 2 WiFi Router 100GB Cloudbox 1 SIM My ลูกค้าพื้นที่', 'ค่าบริการ Fiber 2U Up to 1000Mb/500Mb (Main Link) 1000Mb/200Mb (Backup Link) 1 (Main Link) Fixed IP 2 WiFi Router 100GB Cloudbox 1 SIM My ลูกค้าพื้นที่', 10, '2023-02-09', '2025-02-20', 'ใช้งาน'),
(11, 'NT SME ProMAX 500Mbps/500Mbps', 'ค่าบริการ NT SME ProMAX 500Mbps/500Mbps', 11, '2023-02-09', '2025-02-20', 'ใช้งาน'),
(12, 'Fiber 2U Up to 1000Mb/500Mb (Main Link) 1000Mb/200Mb (Backup Link) 1 (Main Link) Fixed IP 2 WiFi Router 100GB Cloudbox 1 SIM My ลูกค้าพื้นที่', 'ค่าบริการ Fiber 2U Up to 1000Mb/500Mb (Main Link) 1000Mb/200Mb (Backup Link) 1 (Main Link) Fixed IP 2 WiFi Router 100GB Cloudbox 1 SIM My ลูกค้าพื้นที่', 12, '2023-02-09', '2025-02-20', 'ใช้งาน'),
(13, ' Fiber 2U 500Mb/500Mb bundle IP Phone SME Good Choice', 'ค่าบริการ  Fiber 2U 500Mb/500Mb bundle IP Phone SME Good Choice', 13, '2021-10-28', '2025-02-20', 'ใช้งาน'),
(14, 'Fiber 2U 500Mb/500Mb bundle IP Phone SME Good Choice', 'ค่าบริการ Fiber 2U 500Mb/500Mb bundle IP Phone SME Good Choice', 14, '2021-10-28', '2025-02-20', 'ใช้งาน'),
(15, 'Fiber 2U Up to 600Mb/600Mb 1 Fixed IP 2 Wireless Router 3 SIM NTmobile_NT Boost Net', 'ค่าบริการ Fiber 2U Up to 600Mb/600Mb 1 Fixed IP 2 Wireless Router 3 SIM NTmobile_NT Boost Net', 15, '2022-01-11', '2025-02-20', 'ใช้งาน'),
(16, 'NT ValueMAX Fiber 300Mb/300Mb (B / G)', 'ค่าบริการ NT ValueMAX Fiber 300Mb/300Mb (B / G)', 16, '2022-01-01', '2025-02-20', 'ใช้งาน'),
(17, 'NT ValueMAX Fiber 300Mb/300Mb (B / G)', 'ค่าบริการ NT ValueMAX Fiber 300Mb/300Mb (B / G)', 17, '2022-01-01', '2025-02-20', 'ใช้งาน'),
(18, 'NT ValueMAX Fiber 300Mb/300Mb (B / G)', 'ค่าบริการ NT ValueMAX Fiber 300Mb/300Mb (B / G)', 18, '2022-01-01', '2025-02-20', 'ใช้งาน'),
(19, 'NT ValueMAX Fiber 300Mb/300Mb (B / G)', 'ค่าบริการ NT ValueMAX Fiber 300Mb/300Mb (B / G)', 19, '2022-01-01', '2025-02-20', 'ใช้งาน'),
(20, 'NT ValueMAX Fiber 300Mb/300Mb (B,G)', 'ค่าบริการ NT ValueMAX Fiber 300Mb/300Mb (B,G)', 20, '2022-01-01', '2025-02-20', 'ใช้งาน'),
(21, 'NT ValueMAX Fiber 300Mb/300Mb (B,G)', 'ค่าบริการ NT ValueMAX Fiber 300Mb/300Mb (B,G)', 21, '2022-01-01', '2025-02-20', 'ใช้งาน'),
(22, 'TYPE R_IP Phone', 'ส่วนลด 5% Govt. TYPE R_IP Phone', 22, '2024-09-01', '2025-02-20', 'ใช้งาน'),
(23, 'Fiber 2U Up to 600Mb/600Mb 1 Fixed IP 2 Wireless Router 100GB _NT Boost Net', 'ค่าบริการ Fiber 2U Up to 600Mb/600Mb 1 Fixed IP 2 Wireless Router 100GB _NT Boost Net', 23, '2021-10-14', '2025-02-20', 'ใช้งาน'),
(24, 'IP Phone', 'ค่าบำรุงรักษาคู่สายโทรศัพท์ IP Phone', 24, '2017-10-28', '2025-02-20', 'ใช้งาน'),
(25, 'IP Phone', 'ค่าบำรุงรักษาคู่สายโทรศัพท์ IP Phone', 25, '2017-10-01', '2025-02-20', 'ใช้งาน'),
(26, 'Fiber 2U Up to 200Mb/100Mb 1 Fixed IP Government Premium NET II', 'ค่าบริการ Fiber 2U Up to 200Mb/100Mb 1 Fixed IP Government Premium NET II', 26, '2020-02-06', '2025-02-20', 'ใช้งาน'),
(27, 'NT SME Plus Series 1000Mbps/500Mbps', 'ค่าบริการ NT SME Plus Series 1000Mbps/500Mbps', 27, '2023-11-18', '2025-02-20', 'ใช้งาน'),
(28, 'Fiber 2U Up to 600Mb/300Mb (06.00-18.00 น.) 300Mb/150Mb (18.01-05.59 น.) 1 Fixed IP Government Net V3', 'ค่าบริการ Fiber 2U Up to 600Mb/300Mb (06.00-18.00 น.) 300Mb/150Mb (18.01-05.59 น.) 1 Fixed IP Government Net V3', 28, '2021-06-28', '2025-02-20', 'ใช้งาน'),
(29, 'Fiber 2U Up to 600Mb/300Mb (06.00-18.00 น.) 300Mb/150Mb (18.01-05.59 น.) 1 Fixed IP Government Net V3', '  ค่าบริการ Fiber 2U Up to 600Mb/300Mb (06.00-18.00 น.) 300Mb/150Mb (18.01-05.59 น.) 1 Fixed IP Government Net V3', 29, '2021-07-16', '2025-02-20', 'ใช้งาน'),
(30, 'Fiber 2U Up to 600Mb/300Mb (06.00-18.00 น.) 300Mb/150Mb (18.01-05.59 น.) 1 Fixed IP Government Net V3', 'ค่าบริการ Fiber 2U Up to 600Mb/300Mb (06.00-18.00 น.) 300Mb/150Mb (18.01-05.59 น.) 1 Fixed IP Government Net V3', 30, '2021-07-16', '2025-02-20', 'ใช้งาน'),
(31, 'Fiber 2U 300Mb/300Mb_SME Boost Choice', 'ค่าบริการ ', 31, '2020-11-06', '2025-02-20', 'ใช้งาน'),
(32, 'Fiber 2U 300Mb/300Mb_SME Boost Choice', 'ค่าบริการ Fiber 2U 300Mb/300Mb_SME Boost Choice', 32, '2020-11-06', '2025-02-20', 'ใช้งาน'),
(34, 'NT Super Plus Fiber 600Mbps/600Mbps', 'ค่าบริการ NT Super Plus Fiber 600Mbps/600Mbps', 33, '2024-02-01', '2025-02-20', 'ใช้งาน'),
(35, 'NT Super Plus Fiber 300Mbps/300Mbps', 'ค่าบริการ NT Super Plus Fiber 300Mbps/300Mbps', 34, '2024-02-01', '2025-02-20', 'ใช้งาน'),
(36, 'NT SME Plus Series 1000Mbps/500Mbps 1 IP Phone', 'ค่าบริการ NT SME Plus Series 1000Mbps/500Mbps 1 IP Phone', 35, '2024-03-01', '2025-02-20', 'ใช้งาน'),
(37, 'PM709 : ค่าบริการโทรศัพท์ IP Phone เหมาจ่ายคุ้มสุดสุด 100B', '', 36, '2024-03-01', '2025-02-20', 'ใช้งาน'),
(38, 'NT SME Plus Series 1000Mbps/500Mbps 1 IP Phone', 'ค่าบริการ NT SME Plus Series 1000Mbps/500Mbps 1 IP Phone', 37, '2023-03-01', '2025-02-20', 'ใช้งาน'),
(39, 'MS305 : ค่าบริการ Fiber 2U 2Mb/512Kb', '', 38, '2021-08-01', '2025-02-20', 'ใช้งาน'),
(40, 'PS875_NT1 : ค่าบริการ C internet NT SME Plus Series 1000Mbps/500Mbps', '', 39, '2024-03-01', '2025-02-20', 'ใช้งาน'),
(41, 'Fiber 2U 500Mb/500Mb bundle IP Phone SME Good Choice', 'ค่าบริการ Fiber 2U 500Mb/500Mb bundle IP Phone SME Good Choice', 40, '2021-10-18', '2025-02-20', 'ใช้งาน'),
(42, 'PM785 : ค่าบริการ Complex Network Lite Solution Package 1_IP Phone', '', 41, '2023-10-16', '2025-02-20', 'ใช้งาน'),
(43, 'PM785 : ค่าบริการ Complex Network Lite Solution Package 1_IP Phone', '', 42, '2021-10-16', '2025-02-20', 'ใช้งาน'),
(44, 'PM785 : ค่าบริการ Complex Network Lite Solution Package 1_IP Phone', '', 43, '2023-10-16', '2025-02-20', 'ใช้งาน'),
(45, 'Fiber 2U 200Mb/100Mb_SMEs แรงอย่างใจ ไทยแลนด์ V2', 'ค่าบริการ Fiber 2U 200Mb/100Mb_SMEs แรงอย่างใจ ไทยแลนด์ V2', 44, '2020-06-16', '2025-02-20', 'ใช้งาน'),
(46, 'Fiber 2U 200Mb/100Mb_SMEs แรงอย่างใจ ไทยแลนด์ V2', 'ค่าบริการ Fiber 2U 200Mb/100Mb_SMEs แรงอย่างใจ ไทยแลนด์ V2', 45, '2020-07-02', '2025-02-20', 'ใช้งาน'),
(47, 'Fiber 2U 200Mb/100Mb_SMEs แรงอย่างใจ ไทยแลนด์ V2', 'ค่าบริการ Fiber 2U 200Mb/100Mb_SMEs แรงอย่างใจ ไทยแลนด์ V2', 46, '2020-07-02', '2025-02-20', 'ใช้งาน'),
(48, 'PS178 : ค่าบริการโทรศัพท์เหมาจ่าย คุ้มสุดสุด 1_IP Phone', '', 47, '2020-08-22', '2025-02-20', 'ใช้งาน'),
(49, 'Fiber 2U 300Mb/300Mb_SME Boost Choice', 'ค่าบริการ Fiber 2U 300Mb/300Mb_SME Boost Choice', 48, '2020-08-22', '2025-02-20', 'ใช้งาน'),
(50, 'IP Phone', 'ค่าบำรุงรักษาคู่สายโทรศัพท์ IP Phone', 49, '2015-09-29', '2025-02-20', 'ใช้งาน'),
(51, 'IP Phone', 'ค่าบำรุงรักษาคู่สายโทรศัพท์ IP Phone', 50, '2015-09-29', '2025-02-20', 'ใช้งาน'),
(52, 'Fiber 2U 300Mb/300Mb 1 Fixed IP_SMEs แรงอย่างใจ V3', 'ค่าบริการ Fiber 2U 300Mb/300Mb 1 Fixed IP_SMEs แรงอย่างใจ V3', 51, '2021-02-01', '2025-02-20', 'ใช้งาน'),
(53, 'IP Phone', 'ค่าบำรุงรักษาคู่สายโทรศัพท์ IP Phone', 52, '2014-07-01', '2025-02-21', 'ใช้งาน'),
(54, 'Fiber 2U 300Mb/300Mb 1 Fixed IP_SMEs แรงอย่างใจ V3', 'ค่าบริการ Fiber 2U 300Mb/300Mb 1 Fixed IP_SMEs แรงอย่างใจ V3', 53, '2021-02-01', '2025-02-21', 'ใช้งาน'),
(55, 'Fiber 2U 500Mb/500Mb_Gigabolt Max', 'ค่าบริการ Fiber 2U 500Mb/500Mb_Gigabolt Max', 54, '2020-12-02', '2025-02-21', 'ใช้งาน'),
(56, 'New NT SME Plus Series 1000Mbps/500Mbps 1 IP Phone', 'ค่าบริการ New NT SME Plus Series 1000Mbps/500Mbps 1 IP Phone', 55, '2024-07-04', '2025-02-21', 'ใช้งาน'),
(57, 'New NT SME Plus Series 1000Mbps/500Mbps 1 IP Phone', 'ค่าบริการ New NT SME Plus Series 1000Mbps/500Mbps 1 IP Phone', 56, '2024-07-04', '2025-02-21', 'ใช้งาน'),
(58, 'Fiber 2U 300Mb/300Mb bundle IP Phone_SME Boost Choice', 'ค่าบริการ Fiber 2U 300Mb/300Mb bundle IP Phone_SME Boost Choice', 57, '2020-10-10', '2025-02-21', 'ใช้งาน'),
(59, 'Fiber 2U 300Mb/300Mb bundle IP Phone_SME Boost Choice', 'ค่าบริการ Fiber 2U 300Mb/300Mb bundle IP Phone_SME Boost Choice', 58, '2020-10-10', '2025-02-21', 'ใช้งาน'),
(60, 'PS328 : ค่าบำรุงคู่สายโทรศัพท์ IP Phone Help Call Center (ไม่เกิน 149 Users) ปี 2560', '', 59, '2018-09-01', '2025-02-21', 'ใช้งาน'),
(61, 'NT Super Plus Fiber 600Mbps/600Mbps', 'ค่าบริการ NT Super Plus Fiber 600Mbps/600Mbps', 60, '2023-07-20', '2025-02-21', 'ใช้งาน'),
(62, 'Fiber 2U 500Mb/500Mb bundle IP Phone SME Good Choice', 'ค่าบริการ Fiber 2U 500Mb/500Mb bundle IP Phone SME Good Choice', 61, '2022-02-01', '2025-02-21', 'ใช้งาน'),
(63, 'Fiber 2U 500Mb/500Mb bundle IP Phone SME Good Choice', 'ค่าบริการ Fiber 2U 500Mb/500Mb bundle IP Phone SME Good Choice', 62, '2022-02-01', '2025-02-21', 'ใช้งาน'),
(64, 'NT SME Plus Series 1000Mbps/500Mbps', 'ค่าบริการ NT SME Plus Series 1000Mbps/500Mbps', 63, '2023-08-01', '2025-02-21', 'ใช้งาน'),
(65, 'PS875_NT1 : ค่าบริการ C internet NT SME Plus Series 1000Mbps/500Mbps', '', 64, '2023-11-01', '2025-02-21', 'ใช้งาน'),
(66, 'NT SME Plus Series 1000Mbps/500Mbps', 'ค่าบริการ NT SME Plus Series 1000Mbps/500Mbps', 65, '2024-02-01', '2025-02-21', 'ใช้งาน'),
(67, 'NT SME Plus Series 500Mbps/500Mbps', 'ค่าบริการ NT SME Plus Series 500Mbps/500Mbps', 66, '2024-02-01', '2025-02-21', 'ใช้งาน'),
(68, 'TYPE R_IP Phone', 'ส่วนลด 5% Govt. TYPE R_IP Phone', 67, '2024-09-01', '2025-02-21', 'ใช้งาน'),
(69, 'TYPE R_IP Phone', 'ส่วนลด 5% Govt. TYPE R_IP Phone', 68, '2024-09-01', '2025-02-21', 'ใช้งาน'),
(70, 'Fiber 2U 200Mb/100Mb_SMEs แรงอย่างใจ ไทยแลนด์ V2', 'ค่าบริการ Fiber 2U 200Mb/100Mb_SMEs แรงอย่างใจ ไทยแลนด์ V2', 69, '2020-08-02', '2025-02-21', 'ใช้งาน'),
(71, 'Fiber 2U 150Mb/50Mb_SMEs แรงอย่างใจ ไทยแลนด์ V2', 'ค่าบริการ Fiber 2U 150Mb/50Mb_SMEs แรงอย่างใจ ไทยแลนด์ V2', 70, '2020-08-02', '2025-02-21', 'ใช้งาน'),
(72, 'TYPE R_IP Phone', 'ส่วนลด 5% Govt. TYPE R_IP Phone', 71, '2023-09-01', '2025-02-21', 'ใช้งาน'),
(73, 'Fiber 2U Up to 100Mb/50Mb Government Premium NET II', 'ค่าบริการ Fiber 2U Up to 100Mb/50Mb Government Premium NET II', 72, '2019-07-19', '2025-02-21', 'ใช้งาน'),
(74, 'New NT SME Plus Fixed IP 300Mbps/300Mbps 1 Fixed IP', 'ค่าบริการ New NT SME Plus Fixed IP 300Mbps/300Mbps 1 Fixed IP', 73, '2024-05-01', '2025-02-21', 'ใช้งาน'),
(75, 'New NT SME Plus Series 500Mbps/500Mbps', 'ค่าบริการ New NT SME Plus Series 500Mbps/500Mbps', 74, '2024-05-01', '2025-02-21', 'ใช้งาน'),
(76, 'P112 : ค่าบริการ Fiber 2U35Mbps/3Mbpsเพชรบุรี', '', 75, '2015-02-02', '2025-02-21', 'ใช้งาน'),
(77, 'Fiber 2U Up to 600Mb/300Mb (06.00-18.00 น.) 300Mb/150Mb (18.01-05.59 น.) 1 Fixed IP Government Net V3', 'ค่าบริการ Fiber 2U Up to 600Mb/300Mb (06.00-18.00 น.) 300Mb/150Mb (18.01-05.59 น.) 1 Fixed IP Government Net V3', 76, '2021-05-01', '2025-02-21', 'ใช้งาน'),
(78, 'Fiber 2U 500Mb/500Mb bundle IP Phone SME Good Choice', 'ค่าบริการ Fiber 2U 500Mb/500Mb bundle IP Phone SME Good Choice', 77, '2022-01-01', '2025-02-21', 'ใช้งาน'),
(79, 'Fiber 2U 500Mb/500Mb bundle IP Phone SME Good Choice', 'ค่าบริการ Fiber 2U 500Mb/500Mb bundle IP Phone SME Good Choice', 78, '2022-01-01', '2025-02-21', 'ใช้งาน'),
(80, 'Fiber 2U Up to 300Mb/300Mb 1 Fixed IP_NT CXMaX Net', 'ค่าบริการ Fiber 2U Up to 300Mb/300Mb 1 Fixed IP_NT CXMaX Net', 79, '2024-02-01', '2025-02-21', 'ใช้งาน'),
(81, 'P033 : ค่าบำรุงรักษาคู่สายโทรศัพท์ IP Phone', '', 80, '2024-09-01', '2025-02-21', 'ใช้งาน'),
(82, 'Fiber 2U 100Mb/100Mb_Gigabolt Max For DE', 'ค่าบริการ Fiber 2U 100Mb/100Mb_Gigabolt Max For DE', 81, '2020-11-12', '2025-02-21', 'ใช้งาน'),
(83, 'NT SME ProMAX 500Mbps/500Mbps', 'ค่าบริการ NT SME ProMAX 500Mbps/500Mbps', 82, '2023-04-01', '2025-02-21', 'ใช้งาน'),
(84, 'NT SME Plus Fixed IP 1000Mbps/500Mbps 1 Fixed IP 1 Prepaid Sim my by NT', 'ค่าบริการ NT SME Plus Fixed IP 1000Mbps/500Mbps 1 Fixed IP 1 Prepaid Sim my by NT', 83, '2024-04-06', '2025-02-21', 'ใช้งาน'),
(85, 'New NT SME Plus Series 1000Mbps/500Mbps', 'ค่าบริการ New NT SME Plus Series 1000Mbps/500Mbps', 84, '2024-09-16', '2025-02-21', 'ใช้งาน'),
(86, 'PS577 : ค่าบริการ Fiber 2U 100Mb/50Mb 1Fixed IP ส่วนเพิ่ม_KAN MOPH_Net', '', 85, '2020-10-01', '2025-02-21', 'ใช้งาน'),
(87, 'Fiber 2U 500Mb/500Mb 1 Fixed IP_SMEs แรงอย่างใจ V3', 'ค่าบริการ Fiber 2U 500Mb/500Mb 1 Fixed IP_SMEs แรงอย่างใจ V3', 86, '2021-04-07', '2025-02-21', 'ใช้งาน'),
(88, 'PS178 : ค่าบริการโทรศัพท์เหมาจ่าย คุ้มสุดสุด 1_IP Phone', '', 87, '2024-09-09', '2025-02-21', 'ใช้งาน'),
(89, 'MS305 : ค่าบริการ Fiber 2U 2Mb/512Kb', '', 88, '2024-03-24', '2025-02-21', 'ใช้งาน'),
(90, 'NT DES Fiber Package 300Mbps/300Mbps', 'ค่าบริการ NT DES Fiber Package 300Mbps/300Mbps', 89, '2024-02-01', '2025-02-21', 'ใช้งาน'),
(91, 'Fiber 2U 500Mb/500Mb 1 Fixed IP_SMEs แรงอย่างใจ V3', 'ค่าบริการ Fiber 2U 500Mb/500Mb 1 Fixed IP_SMEs แรงอย่างใจ V3', 90, '2021-01-01', '2025-02-21', 'ใช้งาน'),
(92, ' SME Plus Series 500Mbps/500Mbps', 'ค่าบริการ NT SME Plus Series 500Mbps/500Mbps', 91, '2024-02-01', '2025-02-21', 'ใช้งาน'),
(93, 'Fiber 2U 300Mb/300Mb bundle IP Phone SME Good Choice', 'ค่าบริการ Fiber 2U 300Mb/300Mb bundle IP Phone SME Good Choice', 93, '2021-11-01', '2025-02-21', 'ใช้งาน'),
(94, 'Fiber 2U 300Mb/300Mb bundle IP Phone SME Good Choice', 'ค่าบริการ Fiber 2U 300Mb/300Mb bundle IP Phone SME Good Choice', 94, '2021-11-01', '2025-02-21', 'ใช้งาน'),
(95, 'Fiber 2U Up to 600Mb/300Mb (06.00-18.00 น.) 300Mb/150Mb (18.01-05.59 น.) 1 Fixed IP Government Net V3', 'ค่าบริการ Fiber 2U Up to 600Mb/300Mb (06.00-18.00 น.) 300Mb/150Mb (18.01-05.59 น.) 1 Fixed IP Government Net V3', 95, '2021-07-01', '2025-02-21', 'ใช้งาน'),
(96, 'Fiber 2U 100Mb/100Mb_Gigabolt Max', 'ค่าบริการ Fiber 2U 100Mb/100Mb_Gigabolt Max', 96, '2021-07-01', '2025-02-21', 'ใช้งาน'),
(97, 'NT SME Plus Series 500Mbps/500Mbps', 'ค่าบริการ NT SME Plus Series 500Mbps/500Mbps', 97, '2023-07-17', '2025-02-21', 'ใช้งาน'),
(98, 'NT Super Plus Fiber 600Mbps/600Mbps', 'ค่าบริการ NT Super Plus Fiber 600Mbps/600Mbps', 98, '2024-02-01', '2025-02-21', 'ใช้งาน'),
(99, 'Fiber 2U 300Mb/300Mb bundle IP Phone SME Good Choice', 'ค่าบริการ Fiber 2U 300Mb/300Mb bundle IP Phone SME Good Choice', 99, '2021-11-01', '2025-02-21', 'ใช้งาน'),
(100, 'Fiber 2U 300Mb/300Mb bundle IP Phone SME Good Choice', 'ค่าบริการ Fiber 2U 300Mb/300Mb bundle IP Phone SME Good Choice', 100, '2021-11-01', '2025-02-21', 'ใช้งาน'),
(101, 'NT DES Fiber Package 300Mbps/300Mbps', 'ค่าบริการ NT DES Fiber Package 300Mbps/300Mbps', 101, '2024-02-01', '2025-02-21', 'ใช้งาน'),
(102, 'NT DES Fiber Package 600Mbps/600Mbps', 'ค่าบริการ NT DES Fiber Package 600Mbps/600Mbps', 102, '2024-02-01', '2025-02-21', 'ใช้งาน'),
(103, ' NT DES Fiber Package 600Mbps/600Mbps', 'ค่าบริการ  NT DES Fiber Package 600Mbps/600Mbps', 103, '2024-02-01', '2025-02-21', 'ใช้งาน'),
(104, 'NT DES Fiber Package 600Mbps/600Mbps', 'ค่าบริการ NT DES Fiber Package 600Mbps/600Mbps', 104, '2024-02-01', '2025-02-21', 'ใช้งาน'),
(105, 'NT SME Plus Series 500Mbps/500Mbps 1 IP Phone', 'ค่าบริการ NT SME Plus Series 500Mbps/500Mbps 1 IP Phone', 105, '2024-02-02', '2025-02-21', 'ใช้งาน'),
(106, 'NT SME Plus Series 500Mbps/500Mbps 1 IP Phone', 'ค่าบริการ NT SME Plus Series 500Mbps/500Mbps 1 IP Phone', 106, '2024-02-01', '2025-02-21', 'ใช้งาน'),
(107, 'Fiber 2U 500Mb/500Mb bundle IP Phone SME Good Choice ', 'ค่าบริการ Fiber 2U 500Mb/500Mb bundle IP Phone SME Good Choice ', 107, '2021-10-01', '2025-02-21', 'ใช้งาน'),
(108, 'Fiber 2U 500Mb/500Mb bundle IP Phone SME Good Choice', 'ค่าบริการ Fiber 2U 500Mb/500Mb bundle IP Phone SME Good Choice', 108, '2021-10-01', '2025-02-21', 'ใช้งาน'),
(109, 'NT DES Fiber Package 300Mbps/300Mbps', 'ค่าบริการ NT DES Fiber Package 300Mbps/300Mbps', 109, '2025-02-19', '2025-02-21', 'ใช้งาน'),
(110, 'NT DES Fiber Package 300Mbps/300Mbps ', 'ค่าบริการ NT DES Fiber Package 300Mbps/300Mbps ', 110, '2025-02-19', '2025-02-21', 'ใช้งาน'),
(111, 'P033 : ค่าบำรุงรักษาคู่สายโทรศัพท์ IP Phone', '', 111, '2025-02-14', '2025-02-21', 'ใช้งาน'),
(112, '  P033 : ค่าบำรุงรักษาคู่สายโทรศัพท์ IP Phone', '', 112, '2025-02-14', '2025-02-21', 'ใช้งาน'),
(113, 'NT SME ProMAX 500Mbps/500Mbps 1 IP Phone', 'ค่าบริการ NT SME ProMAX 500Mbps/500Mbps 1 IP Phone', 113, '2023-01-02', '2025-02-21', 'ใช้งาน'),
(114, 'NT SME ProMAX 500Mbps/500Mbps 1 IP Phone', 'ค่าบริการ NT SME ProMAX 500Mbps/500Mbps 1 IP Phone', 114, '2023-01-02', '2025-02-21', 'ใช้งาน'),
(115, 'NT Fiber Small Living V.2 500Mbps/500Mbps 1 Prepaid Sim my 700MHz', 'ค่าบริการ NT Fiber Small Living V.2 500Mbps/500Mbps 1 Prepaid Sim my 700MHz (สัญญา 12 รอบบิล)', 115, '2025-01-01', '2025-02-21', 'ใช้งาน'),
(116, 'PM668 : ค่าบริการ Complex Network Lite Solution Package 2_IP Phone', '', 116, '2023-08-01', '2025-02-21', 'ใช้งาน'),
(117, 'NT SME Plus Series 500Mbps/500Mbps ', 'ค่าบริการ NT SME Plus Series 500Mbps/500Mbps ', 117, '2023-07-01', '2025-02-21', 'ใช้งาน'),
(118, 'PM668 : ค่าบริการ Complex Network Lite Solution Package 2_IP Phone', '', 118, '2023-08-01', '2025-02-21', 'ใช้งาน'),
(119, 'NT Super Plus Fiber 600Mbps/600Mbps', 'ค่าบริการ NT Super Plus Fiber 600Mbps/600Mbps', 119, '2023-07-01', '2025-02-21', 'ใช้งาน'),
(120, 'MS305 : ค่าบริการ Fiber 2U 2Mb/512Kb  ', '', 120, '2023-09-01', '2025-02-21', 'ใช้งาน'),
(121, 'PM668 : ค่าบริการ Complex Network Lite Solution Package 2_IP Phone', '', 121, '2023-08-01', '2025-02-21', 'ใช้งาน'),
(122, 'Fiber 2U 100Mb/50Mb 1 Fixed IP Government Premium NET 4.0', 'ค่าบริการ Fiber 2U 100Mb/50Mb 1 Fixed IP Government Premium NET 4.0', 122, '2019-02-02', '2025-02-21', 'ใช้งาน'),
(123, 'P033 : ค่าบำรุงรักษาคู่สายโทรศัพท์ IP Phone', '', 123, '2025-09-01', '2025-02-21', 'ใช้งาน'),
(124, 'NT SME ProMAX 500Mbps/500Mbps ', 'ค่าบริการ NT SME ProMAX 500Mbps/500Mbps', 124, '2022-04-20', '2025-02-21', 'ใช้งาน'),
(125, 'Fiber 2U 500Mb/500Mb SME Good Choice', 'ค่าบริการ Fiber 2U 500Mb/500Mb SME Good Choice', 125, '2021-08-06', '2025-02-21', 'ใช้งาน'),
(126, 'TYPE R_IP Phone', 'ส่วนลด 5% Govt. TYPE R_IP Phone', 127, '2014-09-01', '2025-02-21', 'ใช้งาน'),
(127, 'New Inspire up to 55Mbps/25Mbps', 'ค่าบริการ New Inspire up to 55Mbps/25Mbps', 126, '2016-11-02', '2025-02-21', 'ใช้งาน'),
(128, 'Fiber 2U Up to 300Mb/200Mb (06.00-18.00 น.) 150Mb/100Mb (18.01-05.59 น.) 1 Fixed IP Government Net V3', 'ค่าบริการ Fiber 2U Up to 300Mb/200Mb (06.00-18.00 น.) 150Mb/100Mb (18.01-05.59 น.) 1 Fixed IP Government Net V3', 128, '2020-11-13', '2025-02-21', 'ใช้งาน'),
(129, 'Fiber 2U 300Mb/300Mb bundle IP Phone SME Good Choice ', 'ค่าบริการ Fiber 2U 300Mb/300Mb bundle IP Phone SME Good Choice ', 129, '2021-12-01', '2025-02-21', 'ใช้งาน'),
(130, 'Fiber 2U 300Mb/300Mb bundle IP Phone SME Good Choice', 'ค่าบริการ Fiber 2U 300Mb/300Mb bundle IP Phone SME Good Choice', 130, '2021-12-01', '2025-02-21', 'ใช้งาน'),
(135, ' Smart Help Call Center', '', 92, '2025-02-26', '2025-02-25', 'ใช้งาน');

-- --------------------------------------------------------

--
-- Table structure for table `product_list`
--

CREATE TABLE `product_list` (
  `id_product` int(11) NOT NULL,
  `name_product` varchar(255) DEFAULT NULL,
  `info_product` text DEFAULT NULL,
  `id_package` int(11) DEFAULT NULL,
  `create_at` date DEFAULT NULL,
  `update_at` date DEFAULT NULL,
  `status_product` enum('ใช้งาน','ยกเลิก') DEFAULT 'ใช้งาน'
) ENGINE=InnoDB DEFAULT CHARSET=utf8mb4 COLLATE=utf8mb4_general_ci;

--
-- Dumping data for table `product_list`
--

INSERT INTO `product_list` (`id_product`, `name_product`, `info_product`, `id_package`, `create_at`, `update_at`, `status_product`) VALUES
(1, 'Fiber 2U(n)', 'ค่าบริการ NT ValueMAX Fiber 600Mb/600MMB (B,G)', 1, '2021-10-01', '2025-02-20', 'ใช้งาน'),
(2, 'Fiber 2U(n)', ' ค่าบริการ NT ValueMAX Fiber 600Mb/600MMB (B,G)', 2, '2021-10-01', '2025-02-20', 'ใช้งาน'),
(3, 'Fiber 2U(n)', ' ค่าบริการ Fiber 2U 100Mb/30Mb ICT Solution KAN 1', 3, '2007-11-21', '2025-02-20', 'ใช้งาน'),
(4, 'IP Phone', 'ค่าบำรุงรักษารายเดือน IP Phone', 4, '2022-01-29', '2025-02-20', 'ใช้งาน'),
(5, 'General Discount Product(n)', 'DISCOUNT for USAGE YTEL-2006', 4, '2022-01-29', '2025-02-20', 'ใช้งาน'),
(6, 'General Discount Product(n)', 'ส่วนลดค่าใช้บริการ 700 บาท', 4, '2022-01-29', '2025-02-20', 'ใช้งาน'),
(7, 'IP Phone', 'ค่าบำรุงรักษา', 5, '2024-09-01', '2025-02-20', 'ใช้งาน'),
(8, 'General Discount Product(n)', 'ส่วนลด Govt TYPE R IP Phone 5%', 5, '2024-09-01', '2025-02-20', 'ใช้งาน'),
(9, 'Fiber 2U(n)', 'ค่าบริการ Fiber 2U 500Mb/500Mb', 6, '2022-01-29', '2025-02-20', 'ใช้งาน'),
(22, 'IP Phone', 'ค่าบริการเหมาจ่าย', 7, '2021-07-09', '2025-02-20', 'ใช้งาน'),
(23, 'General Discount Product(n)', 'ค่าโทรศัพท์ทางไกล(8นาที)', 7, '2021-07-09', '2025-02-20', 'ใช้งาน'),
(24, 'General Discount Product(n)', 'ส่วนลด ค่าโทรศัพท์ทางไกล(8นาที)', 7, '2021-07-09', '2025-02-20', 'ใช้งาน'),
(25, 'IP Phone', '', 8, '2009-10-10', '2025-02-20', 'ใช้งาน'),
(27, 'Fiber 2U(n)', 'ค่าบริการ Fiber 2U 1000Mb/500Mb', 9, '2021-07-09', '2025-02-20', 'ใช้งาน'),
(28, 'Fiber 2U', 'ค่าบริการ Fiber 2U Up to 1000Mb/500Mb (Main Link) 1000Mb/200Mb (Backup Link) 1 (Main Link) Fixed IP', 10, '2023-02-09', '2025-02-20', 'ใช้งาน'),
(29, 'Fiber 2U(n)', 'ค่าบริการ NT SME ProMAX 500Mbps/500Mbps', 11, '2023-02-09', '2025-02-20', 'ใช้งาน'),
(30, 'C internet(n)', 'ค่าบริการ C internet Up to 1000Mb/200Mb', 12, '2023-02-09', '2025-02-20', 'ใช้งาน'),
(31, 'IP Phone', 'ค่าบำรุงรักษารายเดือน IP Phone', 13, '2021-10-28', '2025-02-20', 'ใช้งาน'),
(32, 'Fiber 2U(n)', 'ค่าบริการ Fiber 2U 500Mb/500Mb', 14, '2021-10-28', '2025-02-20', 'ใช้งาน'),
(33, 'Fiber 2U(n)', 'ค่าบริการ Fiber 2U Up to 600Mb/600Mb (06.00-18.00 น.) 300Mb/300Mb (18.01-05.59 น.) 1 Fixed IP', 15, '2022-01-11', '2025-02-20', 'ใช้งาน'),
(34, 'Fiber 2U(n)', 'ค่าเพิ่ม Fixed IP 4 Fixed IP', 15, '2022-01-11', '2025-02-20', 'ใช้งาน'),
(35, 'Fiber 2U(n)', 'ค่าบริการ NT ValueMAX Fiber 300Mb/300Mb (B,G)', 16, '2022-01-01', '2025-02-20', 'ใช้งาน'),
(36, 'Fiber 2U(n)', 'ค่าบริการ NT ValueMAX Fiber 300Mb/300Mb (B,G)', 17, '2022-01-01', '2025-02-20', 'ใช้งาน'),
(37, 'Fiber 2U(n)', 'ค่าบริการ NT ValueMAX Fiber 300Mb/300Mb (B,G)', 18, '2022-01-01', '2025-02-20', 'ใช้งาน'),
(38, 'Fiber 2U(n)', 'ค่าบริการ NT ValueMAX Fiber 300Mb/300Mb (B,G)', 19, '2022-01-01', '2025-02-20', 'ใช้งาน'),
(39, 'Fiber 2U(n)', 'ค่าบริการ NT ValueMAX Fiber 300Mb/300Mb (B / G)', 20, '2022-01-01', '2025-02-20', 'ใช้งาน'),
(40, 'Fiber 2U(n)', 'ค่าบริการ NT ValueMAX Fiber 300Mb/300Mb (B / G)', 21, '2022-01-01', '2025-02-20', 'ใช้งาน'),
(41, 'IP Phone', 'ค่าบำรุงรักษารายเดือน IP Phone', 22, '2024-09-01', '2025-02-20', 'ใช้งาน'),
(42, 'General Discount Product(n)', 'ส่วนลด Govt TYPE R IP Phone 5%', 22, '2024-09-01', '2025-02-20', 'ใช้งาน'),
(43, 'Fiber 2U(n)', 'ค่าบริการ Fiber 2U Up to 600Mb/600Mb (06.00-18.00 น.) 300Mb/300Mb (18.01-05.59 น.) 1 Fixed IP', 23, '2021-10-14', '2025-02-20', 'ใช้งาน'),
(44, 'IP Phone', 'ค่าบำรุงรักษาคู่สายโทรศัพท์', 24, '2017-10-28', '2025-02-20', 'ใช้งาน'),
(45, 'General Discount Product(n)', 'DISCOUNT for USAGE YTEL-2006', 24, '2017-10-28', '2025-02-20', 'ใช้งาน'),
(46, 'IP Phone', 'ค่าบำรุงรักษาคู่สายโทรศัพท์', 25, '2017-10-01', '2025-02-20', 'ใช้งาน'),
(47, 'General Discount Product(n)', 'DISCOUNT for USAGE YTEL-2006', 25, '2017-10-01', '2025-02-20', 'ใช้งาน'),
(48, 'Fiber 2U(n)', 'ค่าบริการ Fiber 2U Up to 200Mb/100Mb (18.01-05.59 น.) 400Mb/200Mb (06.00-18.00 น.) 1 Fixed IP\n', 26, '2020-02-06', '2025-02-20', 'ใช้งาน'),
(49, 'Fiber 2U(n)', 'ค่าบริการ NT SME Plus Series 1000Mbps/500Mbps', 27, '2023-11-18', '2025-02-20', 'ใช้งาน'),
(50, 'Fiber 2U(n)', 'ค่าบริการ Fiber 2U Up to 600Mb/300Mb (06.00-18.00 น.) 300Mb/150Mb (18.01-05.59 น.) 1 Fixed IP', 28, '2021-06-28', '2025-02-20', 'ใช้งาน'),
(51, 'Fiber 2U(n)', 'ค่าบริการ Fiber 2U Up to 600Mb/300Mb (06.00-18.00 น.) 300Mb/150Mb (18.01-05.59 น.) 1 Fixed IP', 29, '2021-07-16', '2025-02-20', 'ใช้งาน'),
(52, 'Fiber 2U(n)', 'ค่าบริการ Fiber 2U Up to 600Mb/300Mb (06.00-18.00 น.) 300Mb/150Mb (18.01-05.59 น.) 1 Fixed IP', 30, '2021-07-16', '2025-02-20', 'ใช้งาน'),
(53, 'Fiber 2U(n)', 'ค่าบริการ Fiber 2U 300Mb/300Mb ', 31, '2020-11-06', '2025-02-20', 'ใช้งาน'),
(54, 'Fiber 2U(n)', 'ค่าบริการ Fiber 2U 300Mb/300Mb ', 32, '2020-11-06', '2025-02-20', 'ใช้งาน'),
(56, 'Fiber 2U(n)', 'ค่าบริการ NT Super Plus Fiber 600Mbps/600Mbps', 34, '2024-02-01', '2025-02-20', 'ใช้งาน'),
(57, 'Fiber 2U(n)', 'ค่าบริการ NT Super Plus Fiber 300Mbps/300Mbps', 35, '2024-02-01', '2025-02-20', 'ใช้งาน'),
(58, 'IP Phone', 'ค่าบำรุงรักษารายเดือน IP Phone', 36, '2024-03-01', '2025-02-20', 'ใช้งาน'),
(59, 'General Discount Product(n)', 'ส่วนลดค่าใช้บริการ 700 บาท', 36, '2024-03-01', '2025-02-20', 'ใช้งาน'),
(60, 'General Discount Product(n)', 'DISCOUNT for USAGE YTEL-2006', 36, '2024-03-01', '2025-02-20', 'ใช้งาน'),
(61, 'IP Phone', 'ค่าบริการโทรศัพท์ IP Phone เหมาจ่ายคุ้มสุดสุด', 37, '2024-03-01', '2025-02-20', 'ใช้งาน'),
(62, 'General Discount Product(n)', 'ส่วนลดค่าใช้บริการคุ้มสุดสุด', 37, '2024-03-01', '2025-02-20', 'ใช้งาน'),
(63, 'General Discount Product(n)', 'DISCOUNT for USAGE YTEL-2006', 37, '2024-03-01', '2025-02-20', 'ใช้งาน'),
(64, 'Fiber 2U(n)', 'ค่าบริการ NT SME Plus Series 1000Mbps/500Mbps', 38, '2023-03-01', '2025-02-20', 'ใช้งาน'),
(65, 'Fiber 2U(n)', 'ค่าบริการ Fiber 2U 2Mb/512Kb', 39, '2021-08-01', '2025-02-20', 'ใช้งาน'),
(66, 'C internet(n)', 'ค่าบริการ NT SME Plus Series 1000Mbps/500Mbps', 40, '2024-03-01', '2025-02-20', 'ใช้งาน'),
(67, 'IP Phone', 'ค่าบำรุงรักษารายเดือน IP Phone', 41, '2021-10-18', '2025-02-20', 'ใช้งาน'),
(68, 'General Discount Product(n)', 'DISCOUNT for USAGE YTEL-2006', 41, '2021-10-18', '2025-02-20', 'ใช้งาน'),
(69, 'General Discount Product(n)', 'ส่วนลดค่าใช้บริการ 700 บาท', 41, '2021-10-18', '2025-02-20', 'ใช้งาน'),
(70, ' IP Phone', 'ค่าบำรุงรักษารายเดือน IP Phone', 42, '2023-10-16', '2025-02-20', 'ใช้งาน'),
(71, ' General Discount Product(n)', 'ส่วนลด MB 800 บาท', 42, '2023-10-16', '2025-02-20', 'ใช้งาน'),
(72, ' General Discount Product(n)', 'DISCOUNT for USAGE YTEL-2006', 42, '2023-10-16', '2025-02-20', 'ใช้งาน'),
(73, 'Fiber 2U(n)', 'ค่าบริการ Complex Network Lite Solution Package 1', 43, '2021-10-16', '2025-02-20', 'ใช้งาน'),
(74, 'C internet(n)', 'ค่าบริการ C internet 1000Mb/700Mb', 44, '2023-10-16', '2025-02-20', 'ใช้งาน'),
(75, 'Fiber 2U(n)', 'ค่าบริการ Fiber 2U 200Mb/100Mb ', 45, '2020-06-16', '2025-02-20', 'ใช้งาน'),
(76, 'Fiber 2U(n)', 'ค่าบริการ Fiber 2U 200Mb/100Mb', 46, '2020-07-02', '2025-02-20', 'ใช้งาน'),
(77, 'Fiber 2U(n)', 'ค่าบริการ Fiber 2U 200Mb/100Mb', 47, '2020-07-02', '2025-02-20', 'ใช้งาน'),
(78, 'IP Phone', 'ค่าบริการโทรศัพท์เหมาจ่าย คุ้มสุดสุด 1', 48, '2020-08-22', '2025-02-20', 'ใช้งาน'),
(79, 'General Discount Product(n)', 'DISCOUNT for USAGE YTEL-2006', 48, '2020-08-22', '2025-02-20', 'ใช้งาน'),
(80, 'General Discount Product(n)', 'ส่วนลด คุ้มสุดสุด 1', 48, '2020-08-22', '2025-02-20', 'ใช้งาน'),
(81, ' Fiber 2U(n)', ' ค่าบริการ Fiber 2U 300Mb/300Mb', 49, '2020-08-22', '2025-02-20', 'ใช้งาน'),
(82, 'IP Phone', ' ค่าบำรุงรักษาคู่สายโทรศัพท์', 50, '2015-09-29', '2025-02-20', 'ใช้งาน'),
(83, ' General Discount Product(n)', 'DISCOUNT for USAGE YTEL-2006', 50, '2015-09-29', '2025-02-20', 'ใช้งาน'),
(84, ' IP Phone', 'ค่าบำรุงรักษาคู่สายโทรศัพท์', 51, '2015-09-29', '2025-02-20', 'ใช้งาน'),
(85, 'General Discount Product(n)', 'DISCOUNT for USAGE YTEL-2006', 51, '2015-09-29', '2025-02-20', 'ใช้งาน'),
(86, 'Fiber 2U(n)', 'ค่าบริการ Fiber 2U 300Mb/300Mb 1 Fixed IP', 52, '2021-02-01', '2025-02-20', 'ใช้งาน'),
(87, 'IP Phone', 'ค่าบำรุงรักษาคู่สายโทรศัพท์', 53, '2014-07-01', '2025-02-21', 'ใช้งาน'),
(88, 'General Discount Product(n)', 'DISCOUNT for USAGE YTEL-2006', 53, '2014-07-01', '2025-02-21', 'ใช้งาน'),
(89, 'Fiber 2U(n)', 'ค่าบริการ Fiber 2U 300Mb/300Mb 1 Fixed IP', 54, '2021-02-01', '2025-02-21', 'ใช้งาน'),
(90, 'Fiber 2U(n)', ' ค่าบริการ Fiber 2U 500Mb/500Mb', 55, '2020-12-02', '2025-02-21', 'ใช้งาน'),
(91, 'IP Phone', 'ค่าบำรุงรักษารายเดือน IP Phone', 56, '2024-07-04', '2025-02-21', 'ใช้งาน'),
(92, 'General Discount Product(n)', 'DISCOUNT for USAGE YTEL-2006', 56, '2024-07-04', '2025-02-21', 'ใช้งาน'),
(93, 'General Discount Product(n)', 'ส่วนลดค่าใช้บริการ 700 บาท', 56, '2024-07-04', '2025-02-21', 'ใช้งาน'),
(94, 'Fiber 2U(n)', ' ค่าบริการ New NT SME Plus Series 1000Mbps/500Mbps', 57, '2024-07-04', '2025-02-21', 'ใช้งาน'),
(95, 'IP Phone', 'ค่าบำรุงรักษารายเดือน IP Phone', 58, '2020-10-10', '2025-02-21', 'ใช้งาน'),
(96, 'General Discount Product(n)', 'DISCOUNT for USAGE YTEL-2006', 58, '2020-10-10', '2025-02-21', 'ใช้งาน'),
(97, 'Fiber 2U(n)', 'ค่าบริการ Fiber 2U 300Mb/300Mb', 59, '2020-10-10', '2025-02-21', 'ใช้งาน'),
(98, 'IP Phone(n)', ' ค่าบริการ Help Call Center (30-49 Users)', 60, '2018-09-01', '2025-02-21', 'ใช้งาน'),
(99, 'General Discount Product(n)', 'DISCOUNT for USAGE YTEL-2006', 60, '2018-09-01', '2025-02-21', 'ใช้งาน'),
(100, 'General Discount Product(n)', ' ส่วนลดค่าใช้โทรศัพท์ทางไกล/เคลื่อนที่', 60, '2018-09-01', '2025-02-21', 'ใช้งาน'),
(101, 'Fiber 2U(n)', 'ค่าบริการ NT Super Plus Fiber 600Mbps/600Mbps', 61, '2023-07-20', '2025-02-21', 'ใช้งาน'),
(102, ' IP Phone', 'ค่าบำรุงรักษารายเดือน IP Phone', 62, '2022-02-01', '2025-02-21', 'ใช้งาน'),
(103, 'General Discount Product(n)', 'DISCOUNT for USAGE YTEL-2006', 62, '2022-02-01', '2025-02-21', 'ใช้งาน'),
(104, 'General Discount Product(n)', 'ส่วนลดค่าใช้บริการ 700 บาท', 62, '2022-02-01', '2025-02-21', 'ใช้งาน'),
(105, 'Fiber 2U(n)', 'ค่าบริการ Fiber 2U 500Mb/500Mb', 63, '2022-02-01', '2025-02-21', 'ใช้งาน'),
(106, 'Fiber 2U(n)', 'ค่าบริการ NT SME Plus Series 1000Mbps/500Mbps', 64, '2023-08-01', '2025-02-21', 'ใช้งาน'),
(107, 'C internet(n)', 'ค่าบริการ NT SME Plus Series 1000Mbps/500Mbps', 65, '2023-11-01', '2025-02-21', 'ใช้งาน'),
(108, 'Fiber 2U(n)', 'ค่าบริการ NT SME Plus Series 1000Mbps/500Mbps', 66, '2024-02-01', '2025-02-21', 'ใช้งาน'),
(109, 'Fiber 2U(n)', 'ค่าบริการ NT SME Plus Series 500Mbps/500Mbps', 67, '2024-02-01', '2025-02-21', 'ใช้งาน'),
(110, 'IP Phone', 'ค่าบำรุงรักษารายเดือน IP Phone', 68, '2024-09-01', '2025-02-21', 'ใช้งาน'),
(111, 'General Discount Product(n)', 'ส่วนลด Govt TYPE R IP Phone 5%', 68, '2024-09-01', '2025-02-21', 'ใช้งาน'),
(112, 'General Discount Product(n)', 'DISCOUNT for USAGE YTEL-2006', 68, '2024-09-01', '2025-02-21', 'ใช้งาน'),
(113, 'IP Phone', 'ค่าบำรุงรักษารายเดือน IP Phone', 69, '2024-09-01', '2025-02-21', 'ใช้งาน'),
(114, ' General Discount Product(n)', ' ส่วนลด Govt TYPE R IP Phone 5%', 69, '2024-09-01', '2025-02-21', 'ใช้งาน'),
(115, 'General Discount Product(n)', 'DISCOUNT for USAGE YTEL-2006', 69, '2024-09-01', '2025-02-21', 'ใช้งาน'),
(116, 'Fiber 2U(n)', 'ค่าบริการ Fiber 2U 200Mb/100Mb', 70, '2020-08-02', '2025-02-21', 'ใช้งาน'),
(117, 'Fiber 2U(n)', 'ค่าบริการ Fiber 2U 150Mb/50Mb', 71, '2020-08-02', '2025-02-21', 'ใช้งาน'),
(118, 'IP Phone', 'ค่าบำรุงรักษารายเดือน IP Phone', 72, '2023-09-01', '2025-02-21', 'ใช้งาน'),
(119, 'General Discount Product(n)', 'ส่วนลด Govt TYPE R IP Phone 5%', 72, '2023-09-01', '2025-02-21', 'ใช้งาน'),
(120, 'General Discount Product(n)', 'DISCOUNT for USAGE YTEL-2006', 72, '2023-09-01', '2025-02-21', 'ใช้งาน'),
(121, 'Fiber 2U(n)', 'ค่าบริการ Fiber 2U Up to 100Mb/50Mb (18.01-05.59 น.) 200Mb/100Mb (06.00-18.00 น.)', 73, '2019-07-19', '2025-02-21', 'ใช้งาน'),
(122, 'Fiber 2U(n)', 'ค่าบริการ New NT SME Plus Fixed IP 300Mbps/300Mbps 1 Fixed IP', 74, '2024-05-01', '2025-02-21', 'ใช้งาน'),
(123, 'Fiber 2U(n)', 'ค่าบริการ New NT SME Plus Series 500Mbps/500Mbps', 75, '2024-05-01', '2025-02-21', 'ใช้งาน'),
(124, 'Fiber 2U', 'ค่าบริการ TOT Smart SMS', 76, '2015-02-02', '2025-02-21', 'ใช้งาน'),
(125, 'Fiber 2U(n)', 'ค่าบริการ Fiber 2U_35Mbps/3Mbps', 76, '2015-02-02', '2025-02-21', 'ใช้งาน'),
(126, 'General Discount Product(n)', 'ส่วนลด TOT Smart SMS 100 ครั้ง', 76, '2015-02-02', '2025-02-21', 'ใช้งาน'),
(127, 'Fiber 2U(n)', 'ค่าบริการ Fiber 2U Up to 600Mb/300Mb (06.00-18.00 น.) 300Mb/150Mb (18.01-05.59 น.) 1 Fixed IP\n', 77, '2021-05-01', '2025-02-21', 'ใช้งาน'),
(128, 'IP Phone', ' ค่าบำรุงรักษารายเดือน IP Phone', 78, '2022-01-01', '2025-02-21', 'ใช้งาน'),
(129, 'General Discount Product(n)', ' DISCOUNT for USAGE YTEL-2006', 78, '2022-01-01', '2025-02-21', 'ใช้งาน'),
(130, 'General Discount Product(n)', 'ส่วนลดค่าใช้บริการ 700 บาท', 78, '2022-01-01', '2025-02-21', 'ใช้งาน'),
(131, 'Fiber 2U(n)', 'ค่าบริการ Fiber 2U 500Mb/500Mb ', 79, '2022-01-01', '2025-02-21', 'ใช้งาน'),
(132, 'Fiber 2U(n)', 'ค่าบริการ Fiber 2U Up to 300Mb/300Mb (06.00-18.00 น.) 150Mb/150Mb (18.01-05.59 น.) 1 Fixed IP', 80, '2024-02-01', '2025-02-21', 'ใช้งาน'),
(133, 'IP Phone', 'ค่าบำรุงคู่สายโทรศัพท์ IP Phone', 81, '2024-09-01', '2025-02-21', 'ใช้งาน'),
(134, 'General Discount Product(n)', '  DISCOUNT for USAGE YTEL-2006', 81, '2024-09-01', '2025-02-21', 'ใช้งาน'),
(135, 'Fiber 2U(n)', 'ค่าบริการ Fiber 2U 100Mb/100Mb', 82, '2020-11-12', '2025-02-21', 'ใช้งาน'),
(136, 'Fiber 2U(n)', 'ค่าบริการ NT SME ProMAX 500Mbps/500Mbps', 83, '2023-04-01', '2025-02-21', 'ใช้งาน'),
(137, 'Fiber 2U(n)', 'ค่าบริการ NT SME Plus Fixed IP 1000Mbps/500Mbps 1 Fixed IP', 84, '2024-04-06', '2025-02-21', 'ใช้งาน'),
(138, 'Fiber 2U(n)', 'ค่าบริการ New NT SME Plus Series 1000Mbps/500Mbps', 85, '2024-09-16', '2025-02-21', 'ใช้งาน'),
(139, 'Fiber 2U(n)', 'ค่าบริการ Fiber 2U 100Mb/50Mb 1Fixed ส่วนเพิ่ม', 86, '2020-10-01', '2025-02-21', 'ใช้งาน'),
(140, 'Fiber 2U(n)', 'ค่าบริการ Fiber 2U 500Mb/500Mb 1 Fixed IP', 87, '2021-04-07', '2025-02-21', 'ใช้งาน'),
(141, 'IP Phone', 'ค่าบริการโทรศัพท์เหมาจ่าย คุ้มสุดสุด 1', 88, '2024-09-09', '2025-02-21', 'ใช้งาน'),
(142, 'General Discount Product(n)', 'DISCOUNT for USAGE YTEL-2006', 88, '2024-09-09', '2025-02-21', 'ใช้งาน'),
(143, 'General Discount Product(n)', 'ส่วนลด คุ้มสุดสุด 1', 88, '2024-09-09', '2025-02-21', 'ใช้งาน'),
(144, 'Fiber 2U(n)', 'ค่าบริการ Fiber 2U 2Mb/512Kb', 89, '2024-03-24', '2025-02-21', 'ใช้งาน'),
(145, 'Fiber 2U(n)', 'ค่าบริการ NT DES Fiber Package 300Mbps/300Mbps', 90, '2024-02-01', '2025-02-21', 'ใช้งาน'),
(146, 'Fiber 2U(n)', 'ค่าบริการ Fiber 2U 500Mb/500Mb 1 Fixed IP', 91, '2021-01-01', '2025-02-21', 'ใช้งาน'),
(147, 'Fiber 2U(n)', 'ค่าบริการ NT SME Plus Series 500Mbps/500Mbps', 92, '2024-02-01', '2025-02-21', 'ใช้งาน'),
(148, 'IP Phone', 'ค่าบำรุงรักษารายเดือน IP Phone', 93, '2021-11-01', '2025-02-21', 'ใช้งาน'),
(149, 'General Discount Product(n)', 'DISCOUNT for USAGE YTEL-2006', 93, '2021-11-01', '2025-02-21', 'ใช้งาน'),
(150, 'General Discount Product(n)', 'ส่วนลดค่าใช้บริการ 700 บาท', 93, '2021-11-01', '2025-02-21', 'ใช้งาน'),
(151, 'Fiber 2U(n)', 'ค่าบริการ Fiber 2U 300Mb/300Mb', 94, '2021-11-01', '2025-02-21', 'ใช้งาน'),
(152, 'Fiber 2U(n)', 'ค่าบริการ Fiber 2U Up to 600Mb/300Mb (06.00-18.00 น.) 300Mb/150Mb (18.01-05.59 น.) 1 Fixed IP', 95, '2021-07-01', '2025-02-21', 'ใช้งาน'),
(153, 'Fiber 2U(n)', 'ค่าบริการ Fiber 2U 100Mb/100Mb', 96, '2021-07-01', '2025-02-21', 'ใช้งาน'),
(154, 'Fiber 2U(n)', 'ค่าบริการ NT SME Plus Series 500Mbps/500Mbps', 97, '2023-07-17', '2025-02-21', 'ใช้งาน'),
(155, 'Fiber 2U(n)', 'ค่าบริการ NT Super Plus Fiber 600Mbps/600Mbps', 98, '2024-02-01', '2025-02-21', 'ใช้งาน'),
(156, 'IP Phone', 'ค่าบำรุงรักษารายเดือน IP Phone ', 99, '2021-11-01', '2025-02-21', 'ใช้งาน'),
(157, 'General Discount Product(n)', 'DISCOUNT for USAGE YTEL-2006', 99, '2021-11-01', '2025-02-21', 'ใช้งาน'),
(158, 'General Discount Product(n)', 'ส่วนลดค่าใช้บริการ 700 บาท', 99, '2021-11-01', '2025-02-21', 'ใช้งาน'),
(159, 'Fiber 2U(n)', 'ค่าบริการ Fiber 2U 300Mb/300Mb', 100, '2021-11-01', '2025-02-21', 'ใช้งาน'),
(160, 'Fiber 2U(n)', 'ค่าบริการ NT DES Fiber Package 300Mbps/300Mbp', 101, '2024-02-01', '2025-02-21', 'ใช้งาน'),
(161, 'Fiber 2U(n)', 'ค่าบริการ NT DES Fiber Package 600Mbps/600Mbps', 102, '2024-02-01', '2025-02-21', 'ใช้งาน'),
(162, 'Fiber 2U(n)', 'ค่าบริการ NT DES Fiber Package 600Mbps/600Mbps', 103, '2024-02-01', '2025-02-21', 'ใช้งาน'),
(163, 'Fiber 2U(n)', 'ค่าบริการ NT DES Fiber Package 600Mbps/600Mbps', 104, '2024-02-01', '2025-02-21', 'ใช้งาน'),
(164, 'IP Phone', 'ค่าบำรุงรักษารายเดือน IP Phone', 105, '2024-02-02', '2025-02-21', 'ใช้งาน'),
(165, 'General Discount Product(n) ', 'ส่วนลดค่าใช้บริการ 700 บาท', 105, '2024-02-02', '2025-02-21', 'ใช้งาน'),
(166, 'General Discount Product(n) ', 'DISCOUNT for USAGE YTEL-2006', 105, '2024-02-02', '2025-02-21', 'ใช้งาน'),
(167, 'Fiber 2U(n)', 'ค่าบริการ NT SME Plus Series 500Mbps/500Mbps', 106, '2024-02-01', '2025-02-21', 'ใช้งาน'),
(168, 'IP Phone', 'ค่าบำรุงรักษารายเดือน IP Phone', 107, '2021-10-01', '2025-02-21', 'ใช้งาน'),
(169, 'General Discount Product(n) ', 'ส่วนลดค่าใช้บริการ 700 บาท', 107, '2021-10-01', '2025-02-21', 'ใช้งาน'),
(170, 'General Discount Product(n) ', 'DISCOUNT for USAGE YTEL-2006', 107, '2021-10-01', '2025-02-21', 'ใช้งาน'),
(171, ' Fiber 2U(n)', 'ค่าบริการ Fiber 2U 500Mb/500Mb', 108, '2021-10-01', '2025-02-21', 'ใช้งาน'),
(172, 'Fiber 2U(n)', 'ค่าบริการ NT DES Fiber Package 300Mbps/300Mbps', 109, '2025-02-19', '2025-02-21', 'ใช้งาน'),
(173, 'Fiber 2U(n) ', 'ค่าบริการ NT DES Fiber Package 300Mbps/300Mbps', 110, '2025-02-19', '2025-02-21', 'ใช้งาน'),
(174, 'IP Phone', 'ค่าบำรุงคู่สายโทรศัพท์ IP Phone', 111, '2025-02-14', '2025-02-21', 'ใช้งาน'),
(175, 'General Discount Product(n)', ' DISCOUNT for USAGE YTEL-2006', 111, '2025-02-14', '2025-02-21', 'ใช้งาน'),
(176, 'IP Phone', 'ค่าบำรุงคู่สายโทรศัพท์ IP Phone ', 112, '2025-02-14', '2025-02-21', 'ใช้งาน'),
(177, 'General Discount Product(n) ', 'DISCOUNT for USAGE YTEL-2006', 112, '2025-02-14', '2025-02-21', 'ใช้งาน'),
(178, 'Fiber 2U(n)', 'ค่าบริการ NT SME ProMAX 500Mbps/500Mbps', 113, '2023-01-02', '2025-02-21', 'ใช้งาน'),
(179, 'Fiber 2U(n)  ', 'ค่าบริการ NT SME ProMAX 500Mbps/500Mbps', 114, '2023-01-02', '2025-02-21', 'ใช้งาน'),
(180, 'NT Broadband(n)', 'ค่าบริการ NT Fiber Small Living V.2 500Mbps/500Mbps', 115, '2025-01-01', '2025-02-21', 'ใช้งาน'),
(181, 'IP Phone', 'ค่าบำรุงรักษารายเดือน IP Phone  ', 116, '2023-08-01', '2025-02-21', 'ใช้งาน'),
(182, 'General Discount Product(n)', 'DISCOUNT for USAGE YTEL-2006', 116, '2023-08-01', '2025-02-21', 'ใช้งาน'),
(183, 'General Discount Product(n)', 'ส่วนลด MB 800 บาท', 116, '2023-08-01', '2025-02-21', 'ใช้งาน'),
(184, 'Fiber 2U(n)', 'ค่าบริการ NT SME Plus Series 500Mbps/500Mbps', 117, '2023-07-01', '2025-02-21', 'ใช้งาน'),
(185, 'Fiber 2U(n)', ' ค่าบริการ Complex Network Lite Solution Package 2', 118, '2023-08-01', '2025-02-21', 'ใช้งาน'),
(186, 'Fiber 2U(n)', 'ค่าบริการ NT Super Plus Fiber 600Mbps/600Mbps', 119, '2023-07-01', '2025-02-21', 'ใช้งาน'),
(187, 'Fiber 2U(n)  ', 'ค่าบริการ Fiber 2U 2Mb/512Kb 0', 120, '2023-09-01', '2025-02-21', 'ใช้งาน'),
(188, 'C internet(n) ', 'ค่าบริการ C internet 1000Mb/500Mb', 121, '2023-08-01', '2025-02-21', 'ใช้งาน'),
(189, 'Fiber 2U(n)', 'ค่าบริการ Fiber 2U Up to 100Mb/50Mb (18.01-05.59น.) 300Mb/150Mb (06.00-18.00น.) 1 Fixed IP', 122, '2019-02-02', '2025-02-21', 'ใช้งาน'),
(190, 'Fiber 2U(n)', 'ค่าบริหารจัดการ Fixed IP - 4 Fixed IP', 122, '2019-02-02', '2025-02-21', 'ใช้งาน'),
(191, 'IP Phone ', 'ค่าบำรุงคู่สายโทรศัพท์ IP Phone ', 123, '2025-09-01', '2025-02-21', 'ใช้งาน'),
(192, 'General Discount Product(n)', ' DISCOUNT for USAGE YTEL-2006', 123, '2025-09-01', '2025-02-21', 'ใช้งาน'),
(193, 'General Discount Product(n) ', 'ส่วนลด 5% IP Phone Mthly Fee_Pro.4', 123, '2025-09-01', '2025-02-21', 'ใช้งาน'),
(194, 'Fiber 2U(n)', 'ค่าบริการ NT SME ProMAX 500Mbps/500Mbps', 124, '2022-04-20', '2025-02-21', 'ใช้งาน'),
(195, 'Fiber 2U(n)', 'ค่าบริการ Fiber 2U 500Mb/500Mb ', 125, '2021-08-06', '2025-02-21', 'ใช้งาน'),
(196, 'IP Phone ', 'ค่าบำรุงรักษารายเดือน IP Phone', 126, '2014-09-01', '2025-02-21', 'ใช้งาน'),
(197, 'General Discount Product(n)', 'ส่วนลด Govt TYPE R IP Phone 5%', 126, '2014-09-01', '2025-02-21', 'ใช้งาน'),
(198, ' General Discount Product(n)', 'DISCOUNT for USAGE YTEL-2006', 126, '2014-09-01', '2025-02-21', 'ใช้งาน'),
(199, 'Fiber 2U(n)', 'ค่าบริการ New Inspire Up to 55Mbps/25Mbps', 127, '2016-11-02', '2025-02-21', 'ใช้งาน'),
(200, 'Fiber 2U(n)', 'ค่าบริการ Fiber 2U Up to 300Mb/200Mb (06.00-18.00 น.) 150Mb/100Mb (18.01-05.59 น.) 1 Fixed IP', 128, '2020-11-13', '2025-02-21', 'ใช้งาน'),
(201, 'IP Phone', 'ค่าบำรุงรักษารายเดือน IP Phone', 129, '2021-12-01', '2025-02-21', 'ใช้งาน'),
(202, 'General Discount Product(n) ', 'ส่วนลดค่าใช้บริการ 700 บาท', 129, '2021-12-01', '2025-02-21', 'ใช้งาน'),
(203, 'General Discount Product(n) ', ' DISCOUNT for USAGE YTEL-2006', 129, '2021-12-01', '2025-02-21', 'ใช้งาน'),
(204, 'Fiber 2U(n)', ' ค่าบริการ Fiber 2U 300Mb/300Mb', 130, '2021-12-01', '2025-02-21', 'ใช้งาน'),
(233, 'ค่าบริการ Smart Help Call Center', '', 135, '2025-02-26', '2025-02-25', 'ใช้งาน');

-- --------------------------------------------------------

--
-- Table structure for table `service_customer`
--

CREATE TABLE `service_customer` (
  `id_service` int(11) NOT NULL,
  `code_service` varchar(20) DEFAULT NULL,
  `type_service` enum('Fttx','Fttx+ICT solution','Fttx 2+ICT solution','SI service','วงจเช่า','IP phone','Smart City','WiFi','อื่นๆ') DEFAULT NULL,
  `type_gadget` enum('เช่า','ขาย','เช่าและขาย') DEFAULT NULL,
  `status_service` enum('ใช้งาน','ยกเลิก') DEFAULT NULL,
  `id_bill` int(11) DEFAULT NULL,
  `create_at` date DEFAULT NULL,
  `update_at` date DEFAULT NULL
) ENGINE=InnoDB DEFAULT CHARSET=utf8mb4 COLLATE=utf8mb4_general_ci;

--
-- Dumping data for table `service_customer`
--

INSERT INTO `service_customer` (`id_service`, `code_service`, `type_service`, `type_gadget`, `status_service`, `id_bill`, `create_at`, `update_at`) VALUES
(1, '3451J0747', 'Fttx', 'เช่า', 'ใช้งาน', 1, '2025-02-20', '2025-02-20'),
(2, '3453J0433', 'Fttx', 'เช่า', 'ใช้งาน', 1, '2025-02-20', '2025-02-20'),
(3, '3451J2916', 'Fttx', 'เช่า', 'ใช้งาน', 3, '2025-02-20', '2025-02-20'),
(4, '034520138', 'Fttx', 'เช่า', 'ใช้งาน', 2, '2025-02-20', '2025-02-20'),
(5, '034520762', 'Fttx', 'เช่า', 'ใช้งาน', 2, '2025-02-20', '2025-02-20'),
(6, '3452J1513', 'Fttx', 'เช่า', 'ใช้งาน', 2, '2025-02-20', '2025-02-20'),
(7, '034579699', 'Fttx', 'เช่า', 'ใช้งาน', 5, '2025-02-20', '2025-02-20'),
(8, '034579678', 'Fttx', 'เช่า', 'ใช้งาน', 5, '2025-02-20', '2025-02-20'),
(9, '3451J5666', 'Fttx', 'เช่า', 'ใช้งาน', 5, '2025-02-20', '2025-02-20'),
(10, '3451J6405', 'Fttx', 'เช่า', 'ใช้งาน', 6, '2025-02-20', '2025-02-20'),
(11, '3452J2783', 'Fttx', 'เช่า', 'ใช้งาน', 6, '2025-02-20', '2025-02-20'),
(12, 'C010001967', 'Fttx', 'เช่า', 'ใช้งาน', 6, '2025-02-20', '2025-02-20'),
(13, '034677285', 'Fttx', 'เช่า', 'ใช้งาน', 7, '2025-02-20', '2025-02-20'),
(14, '3452J0819', 'Fttx', 'เช่า', 'ใช้งาน', 7, '2025-02-20', '2025-02-20'),
(15, '3451J0022', 'Fttx', 'เช่า', 'ใช้งาน', 8, '2025-02-20', '2025-02-20'),
(16, '3451J0965', 'Fttx', 'เช่า', 'ใช้งาน', 8, '2025-02-20', '2025-02-20'),
(17, '3451J9713', 'Fttx', 'เช่า', 'ใช้งาน', 8, '2025-02-20', '2025-02-20'),
(18, '3452J1548', 'Fttx', 'เช่า', 'ใช้งาน', 8, '2025-02-20', '2025-02-20'),
(19, '3452J1549', 'Fttx', 'เช่า', 'ใช้งาน', 8, '2025-02-20', '2025-02-20'),
(20, '3452J3420', 'Fttx', 'เช่า', 'ใช้งาน', 8, '2025-02-20', '2025-02-20'),
(21, ' 3452J7961', 'Fttx', 'เช่า', 'ใช้งาน', 8, '2025-02-20', '2025-02-20'),
(22, '034600583', 'Fttx', 'เช่า', 'ใช้งาน', 9, '2025-02-20', '2025-02-20'),
(23, '3451J6425', 'Fttx', 'เช่า', 'ใช้งาน', 9, '2025-02-20', '2025-02-20'),
(24, '034540834', 'Fttx', 'เช่า', 'ใช้งาน', 10, '2025-02-20', '2025-02-20'),
(25, '034540835', 'Fttx', 'เช่า', 'ใช้งาน', 10, '2025-02-20', '2025-02-20'),
(26, '3461J6004', 'Fttx', 'เช่า', 'ใช้งาน', 10, '2025-02-20', '2025-02-20'),
(27, '3451J0023', 'Fttx', 'เช่า', 'ใช้งาน', 11, '2025-02-20', '2025-02-20'),
(28, '3451J0456', 'Fttx', 'เช่า', 'ใช้งาน', 12, '2025-02-20', '2025-02-20'),
(29, '3451J0457', 'Fttx', 'เช่า', 'ใช้งาน', 12, '2025-02-20', '2025-02-20'),
(30, '3452J9322', 'Fttx', 'เช่า', 'ใช้งาน', 12, '2025-02-20', '2025-02-20'),
(31, '3452J1380', 'Fttx', 'เช่า', 'ใช้งาน', 13, '2025-02-20', '2025-02-20'),
(32, '3452J1381', 'Fttx', 'เช่า', 'ใช้งาน', 13, '2025-02-20', '2025-02-20'),
(33, '3452J1382', 'Fttx', 'เช่า', 'ใช้งาน', 13, '2025-02-20', '2025-02-20'),
(34, '3452J1383', 'Fttx', 'เช่า', 'ใช้งาน', 13, '2025-02-20', '2025-02-20'),
(35, '034670426', 'Fttx', 'เช่า', 'ใช้งาน', 14, '2025-02-20', '2025-02-20'),
(36, '034670427', 'Fttx', 'เช่า', 'ใช้งาน', 14, '2025-02-20', '2025-02-20'),
(37, '3451J5265', 'Fttx', 'เช่า', 'ใช้งาน', 14, '2025-02-20', '2025-02-20'),
(38, '3452J9754', 'Fttx', 'เช่า', 'ใช้งาน', 14, '2025-02-20', '2025-02-20'),
(39, ' C010003068', 'Fttx', 'เช่า', 'ใช้งาน', 14, '2025-02-20', '2025-02-20'),
(40, '034589153', 'Fttx', 'เช่า', 'ใช้งาน', 15, '2025-02-20', '2025-02-20'),
(41, '034512598', 'Fttx', 'เช่า', 'ใช้งาน', 16, '2025-02-20', '2025-02-20'),
(42, '3451J8913', 'Fttx', 'เช่า', 'ใช้งาน', 16, '2025-02-20', '2025-02-20'),
(43, 'C010002730', 'Fttx', 'เช่า', 'ใช้งาน', 16, '2025-02-20', '2025-02-20'),
(44, '3451J0012', 'Fttx', 'เช่า', 'ใช้งาน', 17, '2025-02-20', '2025-02-20'),
(45, '3452J6003', 'Fttx', 'เช่า', 'ใช้งาน', 17, '2025-02-20', '2025-02-20'),
(46, '3452J6004', 'Fttx', 'เช่า', 'ใช้งาน', 17, '2025-02-20', '2025-02-20'),
(47, '034510320', 'Fttx', 'เช่า', 'ใช้งาน', 18, '2025-02-20', '2025-02-20'),
(48, '3461J9447', 'Fttx', 'เช่า', 'ใช้งาน', 18, '2025-02-20', '2025-02-20'),
(49, '034540954', 'Fttx', 'เช่า', 'ใช้งาน', 19, '2025-02-20', '2025-02-20'),
(50, '034540955', 'Fttx', 'เช่า', 'ใช้งาน', 19, '2025-02-20', '2025-02-20'),
(51, '3451J5683', 'Fttx', 'เช่า', 'ใช้งาน', 19, '2025-02-20', '2025-02-20'),
(52, '034510781', 'Fttx', 'เช่า', 'ใช้งาน', 20, '2025-02-21', '2025-02-21'),
(53, '3451J0861', 'Fttx', 'เช่า', 'ใช้งาน', 20, '2025-02-21', '2025-02-21'),
(54, '3451J0255', 'Fttx', 'เช่า', 'ใช้งาน', 21, '2025-02-21', '2025-02-21'),
(55, '034576323', 'Fttx', 'เช่า', 'ใช้งาน', 22, '2025-02-21', '2025-02-21'),
(56, '3451J0008', 'Fttx', 'เช่า', 'ใช้งาน', 22, '2025-02-21', '2025-02-21'),
(57, '034510770', 'Fttx', 'เช่า', 'ใช้งาน', 23, '2025-02-21', '2025-02-21'),
(58, ' 3459J8143', 'Fttx', 'เช่า', 'ใช้งาน', 23, '2025-02-21', '2025-02-21'),
(59, '034543169', 'Fttx', 'เช่า', 'ใช้งาน', 24, '2025-02-21', '2025-02-21'),
(60, '3454J8017', 'Fttx', 'เช่า', 'ใช้งาน', 24, '2025-02-21', '2025-02-21'),
(61, '034540577', 'Fttx', 'เช่า', 'ใช้งาน', 25, '2025-02-21', '2025-02-21'),
(62, '3461J1399', 'Fttx', 'เช่า', 'ใช้งาน', 25, '2025-02-21', '2025-02-21'),
(63, '3451J1107', 'Fttx', 'เช่า', 'ใช้งาน', 26, '2025-02-21', '2025-02-21'),
(64, 'C010002536', 'Fttx', 'เช่า', 'ใช้งาน', 26, '2025-02-21', '2025-02-21'),
(65, '3451J4260', 'Fttx', 'เช่า', 'ใช้งาน', 27, '2025-02-21', '2025-02-21'),
(66, '3452J1466', 'Fttx', 'เช่า', 'ใช้งาน', 27, '2025-02-21', '2025-02-21'),
(67, '034675524', 'Fttx', 'เช่า', 'ใช้งาน', 28, '2025-02-21', '2025-02-21'),
(68, '034510932', 'Fttx', 'เช่า', 'ใช้งาน', 28, '2025-02-21', '2025-02-21'),
(69, '3451J0813', 'Fttx', 'เช่า', 'ใช้งาน', 28, '2025-02-21', '2025-02-21'),
(70, '3452J6424', 'Fttx', 'เช่า', 'ใช้งาน', 28, '2025-02-21', '2025-02-21'),
(71, '034670252', 'Fttx', 'เช่า', 'ใช้งาน', 29, '2025-02-21', '2025-02-21'),
(72, '3451J0812', 'Fttx', 'เช่า', 'ใช้งาน', 29, '2025-02-21', '2025-02-21'),
(73, '3451J3603', 'Fttx', 'เช่า', 'ใช้งาน', 30, '2025-02-21', '2025-02-21'),
(74, '3451J3607', 'Fttx', 'เช่า', 'ใช้งาน', 30, '2025-02-21', '2025-02-21'),
(75, '3451J0223', 'Fttx', 'เช่า', 'ใช้งาน', 31, '2025-02-21', '2025-02-21'),
(76, '3451J4387', 'Fttx', 'เช่า', 'ใช้งาน', 32, '2025-02-21', '2025-02-21'),
(77, '034645076', 'Fttx', 'เช่า', 'ใช้งาน', 33, '2025-02-21', '2025-02-21'),
(78, '3452J3585', 'Fttx', 'เช่า', 'ใช้งาน', 33, '2025-02-21', '2025-02-21'),
(79, '3451J4103', 'Fttx', 'เช่า', 'ใช้งาน', 34, '2025-02-21', '2025-02-21'),
(80, '034675139', 'Fttx', 'เช่า', 'ใช้งาน', 35, '2025-02-21', '2025-02-21'),
(81, '3451J4656', 'Fttx', 'เช่า', 'ใช้งาน', 35, '2025-02-21', '2025-02-21'),
(82, '3459J6491', 'Fttx', 'เช่า', 'ใช้งาน', 36, '2025-02-21', '2025-02-21'),
(83, '3451J0237', 'Fttx', 'เช่า', 'ใช้งาน', 37, '2025-02-21', '2025-02-21'),
(84, '3451J7692', 'Fttx', 'เช่า', 'ใช้งาน', 38, '2025-02-21', '2025-02-21'),
(85, '3461J5140', 'Fttx', 'เช่า', 'ใช้งาน', 39, '2025-02-21', '2025-02-21'),
(86, '3452J2531', 'Fttx', 'เช่า', 'ใช้งาน', 40, '2025-02-21', '2025-02-21'),
(87, '034511580', 'Fttx', 'เช่า', 'ใช้งาน', 41, '2025-02-21', '2025-02-21'),
(88, '3453J2155', 'Fttx', 'เช่า', 'ใช้งาน', 41, '2025-02-21', '2025-02-21'),
(89, '3452J7638 ', 'Fttx', 'เช่า', 'ใช้งาน', 42, '2025-02-21', '2025-02-21'),
(90, '3452J7639', 'Fttx', 'เช่า', 'ใช้งาน', 42, '2025-02-21', '2025-02-21'),
(91, '3452J8564', 'Fttx', 'เช่า', 'ใช้งาน', 43, '2025-02-21', '2025-02-21'),
(92, '3452J1514', 'Fttx', 'เช่า', 'ใช้งาน', 44, '2025-02-21', '2025-02-21'),
(93, '034510207', 'Fttx', 'เช่า', 'ใช้งาน', 45, '2025-02-21', '2025-02-21'),
(94, '3451J4169', 'Fttx', 'เช่า', 'ใช้งาน', 45, '2025-02-21', '2025-02-21'),
(95, '3451J1269', 'Fttx', 'เช่า', 'ใช้งาน', 46, '2025-02-21', '2025-02-21'),
(96, '3452J9385', 'Fttx', 'เช่า', 'ใช้งาน', 46, '2025-02-21', '2025-02-21'),
(97, '3451J4365', 'Fttx', 'เช่า', 'ใช้งาน', 47, '2025-02-21', '2025-02-21'),
(98, '3453J4949', 'Fttx', 'เช่า', 'ใช้งาน', 47, '2025-02-21', '2025-02-21'),
(99, '034510209', 'Fttx', 'เช่า', 'ใช้งาน', 48, '2025-02-21', '2025-02-21'),
(100, '3452J1667', 'Fttx', 'เช่า', 'ใช้งาน', 48, '2025-02-21', '2025-02-21'),
(101, '3452J2627', 'Fttx', 'เช่า', 'ใช้งาน', 49, '2025-02-21', '2025-02-21'),
(102, '3453J3688', 'Fttx', 'เช่า', 'ใช้งาน', 49, '2025-02-21', '2025-02-21'),
(103, '3453J3689', 'Fttx', 'เช่า', 'ใช้งาน', 49, '2025-02-21', '2025-02-21'),
(104, '3453J3690', 'Fttx', 'เช่า', 'ใช้งาน', 49, '2025-02-21', '2025-02-21'),
(105, '034510646', 'Fttx', 'เช่า', 'ใช้งาน', 50, '2025-02-21', '2025-02-21'),
(106, '3452J1467', 'Fttx', 'เช่า', 'ใช้งาน', 50, '2025-02-21', '2025-02-21'),
(107, '034552133', 'Fttx', 'เช่า', 'ใช้งาน', 51, '2025-02-21', '2025-02-21'),
(108, '3452J1248', 'Fttx', 'เช่า', 'ใช้งาน', 51, '2025-02-21', '2025-02-21'),
(109, '3452J8281', 'Fttx', 'เช่า', 'ใช้งาน', 51, '2025-02-21', '2025-02-21'),
(110, '3452J8282', 'Fttx', 'เช่า', 'ใช้งาน', 51, '2025-02-21', '2025-02-21'),
(111, '034510877', 'Fttx', 'เช่า', 'ใช้งาน', 52, '2025-02-21', '2025-02-21'),
(112, '034510920', 'Fttx', 'เช่า', 'ใช้งาน', 52, '2025-02-21', '2025-02-21'),
(113, '3451J4141', 'Fttx', 'เช่า', 'ใช้งาน', 52, '2025-02-21', '2025-02-21'),
(114, '3452J7104', 'Fttx', 'เช่า', 'ใช้งาน', 52, '2025-02-21', '2025-02-21'),
(115, '3453J3725', 'Fttx', 'เช่า', 'ใช้งาน', 52, '2025-02-21', '2025-02-21'),
(116, '034511112', 'Fttx', 'เช่า', 'ใช้งาน', 53, '2025-02-21', '2025-02-21'),
(117, '3451J0089', 'Fttx', 'เช่า', 'ใช้งาน', 53, '2025-02-21', '2025-02-21'),
(118, '3451J0091', 'Fttx', 'เช่า', 'ใช้งาน', 53, '2025-02-21', '2025-02-21'),
(119, '3451J0233', 'Fttx', 'เช่า', 'ใช้งาน', 53, '2025-02-21', '2025-02-21'),
(120, '3453J2901', 'Fttx', 'เช่า', 'ใช้งาน', 53, '2025-02-21', '2025-02-21'),
(121, 'C010002507', 'Fttx', 'เช่า', 'ใช้งาน', 53, '2025-02-21', '2025-02-21'),
(122, '3451J8717', 'Fttx', 'เช่า', 'ใช้งาน', 54, '2025-02-21', '2025-02-21'),
(123, '034564511', 'Fttx', 'เช่า', 'ใช้งาน', 55, '2025-02-21', '2025-02-21'),
(124, '3452J9116', 'Fttx', 'เช่า', 'ใช้งาน', 55, '2025-02-21', '2025-02-21'),
(125, '3451J6454', 'Fttx', 'เช่า', 'ใช้งาน', 56, '2025-02-21', '2025-02-21'),
(126, '3451J6896', 'Fttx', 'เช่า', 'ใช้งาน', 57, '2025-02-21', '2025-02-21'),
(127, '034515655', 'Fttx', 'เช่า', 'ใช้งาน', 57, '2025-02-21', '2025-02-21'),
(128, '3452J7172', 'Fttx', 'เช่า', 'ใช้งาน', 58, '2025-02-21', '2025-02-21'),
(129, '3451J1807    ', 'Fttx', 'เช่า', 'ใช้งาน', 59, '2025-02-21', '2025-02-21'),
(130, '034579252    ', 'Fttx', 'เช่า', 'ใช้งาน', 59, '2025-02-21', '2025-02-21');

-- --------------------------------------------------------

--
-- Table structure for table `tambons`
--

CREATE TABLE `tambons` (
  `id_tambons` int(11) NOT NULL,
  `zip_code` int(11) NOT NULL,
  `name_tambons` varchar(150) NOT NULL,
  `id_amphures` int(11) NOT NULL
) ENGINE=InnoDB DEFAULT CHARSET=utf8mb4 COLLATE=utf8mb4_general_ci;

--
-- Dumping data for table `tambons`
--

INSERT INTO `tambons` (`id_tambons`, `zip_code`, `name_tambons`, `id_amphures`) VALUES
(710101, 71000, 'บ้านเหนือ', 7101),
(710102, 71000, 'บ้านใต้', 7101),
(710103, 71000, 'ปากแพรก', 7101),
(710104, 71000, 'ท่ามะขาม', 7101),
(710105, 71000, 'แก่งเสี้ยน', 7101),
(710106, 71190, 'หนองบัว', 7101),
(710107, 71190, 'ลาดหญ้า', 7101),
(710108, 71190, 'วังด้ง', 7101),
(710109, 71190, 'ช่องสะเดา', 7101),
(710110, 71000, 'หนองหญ้า', 7101),
(710111, 71000, 'เกาะสำโรง', 7101),
(710113, 71000, 'บ้านเก่า', 7101),
(710116, 71000, 'วังเย็น', 7101),
(710201, 71150, 'ลุ่มสุ่ม', 7102),
(710202, 71150, 'ท่าเสา', 7102),
(710203, 71150, 'สิงห์', 7102),
(710204, 71150, 'ไทรโยค', 7102),
(710205, 71150, 'วังกระแจะ', 7102),
(710206, 71150, 'ศรีมงคล', 7102),
(710207, 71150, 'บ้องตี้', 7102),
(710301, 71160, 'บ่อพลอย', 7103),
(710302, 71160, 'หนองกุ่ม', 7103),
(710303, 71220, 'หนองรี', 7103),
(710305, 71160, 'หลุมรัง', 7103),
(710308, 71160, 'ช่องด่าน', 7103),
(710309, 71220, 'หนองกร่าง', 7103),
(710401, 71250, 'นาสวน', 7104),
(710402, 71250, 'ด่านแม่แฉลบ', 7104),
(710403, 71250, 'หนองเป็ด', 7104),
(710404, 71250, 'ท่ากระดาน', 7104),
(710405, 71220, 'เขาโจด', 7104),
(710406, 71250, 'แม่กระบุง', 7104),
(710501, 71120, 'พงตึก', 7105),
(710502, 71120, 'ยางม่วง', 7105),
(710503, 71130, 'ดอนชะเอม', 7105),
(710504, 71120, 'ท่าไม้', 7105),
(710505, 71130, 'ตะคร้ำเอน', 7105),
(710506, 71120, 'ท่ามะกา', 7105),
(710507, 71130, 'ท่าเรือ', 7105),
(710508, 71120, 'โคกตะบอง', 7105),
(710509, 71120, 'ดอนขมิ้น', 7105),
(710510, 71130, 'อุโลกสี่หมื่น', 7105),
(710511, 71120, 'เขาสามสิบหาบ', 7105),
(710512, 71130, 'พระแท่น', 7105),
(710513, 71120, 'หวายเหนียว', 7105),
(710514, 71130, 'แสนตอ', 7105),
(710515, 70190, 'สนามแย้', 7105),
(710516, 71120, 'ท่าเสา', 7105),
(710517, 71130, 'หนองลาน', 7105),
(710601, 71110, 'ท่าม่วง', 7106),
(710602, 71110, 'วังขนาย', 7106),
(710603, 71110, 'วังศาลา', 7106),
(710604, 71000, 'ท่าล้อ', 7106),
(710605, 71110, 'หนองขาว', 7106),
(710606, 71110, 'ทุ่งทอง', 7106),
(710607, 71110, 'เขาน้อย', 7106),
(710608, 71110, 'ม่วงชุม', 7106),
(710609, 71110, 'บ้านใหม่', 7106),
(710610, 71110, 'พังตรุ', 7106),
(710611, 71130, 'ท่าตะคร้อ', 7106),
(710612, 71110, 'รางสาลี่', 7106),
(710613, 71110, 'หนองตากยา', 7106),
(710701, 71180, 'ท่าขนุน', 7107),
(710702, 71180, 'ปิล๊อก', 7107),
(710703, 71180, 'หินดาด', 7107),
(710704, 71180, 'ลิ่นถิ่น', 7107),
(710705, 71180, 'ชะแล', 7107),
(710706, 71180, 'ห้วยเขย่ง', 7107),
(710707, 71180, 'สหกรณ์นิคม', 7107),
(710801, 71240, 'หนองลู', 7108),
(710802, 71240, 'ปรังเผล', 7108),
(710803, 71240, 'ไล่โว่', 7108),
(710901, 71140, 'พนมทวน', 7109),
(710902, 71140, 'หนองโรง', 7109),
(710903, 71140, 'ทุ่งสมอ', 7109),
(710904, 71140, 'ดอนเจดีย์', 7109),
(710905, 71140, 'พังตรุ', 7109),
(710906, 71170, 'รางหวาย', 7109),
(710911, 71140, 'หนองสาหร่าย', 7109),
(710912, 71140, 'ดอนตาเพชร', 7109),
(711001, 71210, 'เลาขวัญ', 7110),
(711002, 71210, 'หนองโสน', 7110),
(711003, 71210, 'หนองประดู่', 7110),
(711004, 71210, 'หนองปลิง', 7110),
(711005, 71210, 'หนองนกแก้ว', 7110),
(711006, 71210, 'ทุ่งกระบ่ำ', 7110),
(711007, 71210, 'หนองฝ้าย', 7110),
(711101, 71260, 'ด่านมะขามเตี้ย', 7111),
(711102, 71260, 'กลอนโด', 7111),
(711103, 71260, 'จรเข้เผือก', 7111),
(711104, 71260, 'หนองไผ่', 7111),
(711201, 71220, 'หนองปรือ', 7112),
(711202, 71220, 'หนองปลาไหล', 7112),
(711203, 71220, 'สมเด็จเจริญ', 7112),
(711301, 71170, 'ห้วยกระเจา', 7113),
(711302, 71170, 'วังไผ่', 7113),
(711303, 71170, 'ดอนแสลบ', 7113),
(711304, 71170, 'สระลงเรือ', 7113);

-- --------------------------------------------------------

--
-- Table structure for table `task`
--

CREATE TABLE `task` (
  `id_task` int(11) NOT NULL,
  `name_task` varchar(255) NOT NULL,
  `detail_task` text DEFAULT NULL,
  `start_date` date NOT NULL,
  `end_date` date NOT NULL,
  `user_id` int(11) NOT NULL,
  `reminder_date` int(11) DEFAULT NULL,
  `created_at` date DEFAULT current_timestamp()
) ENGINE=InnoDB DEFAULT CHARSET=utf8mb4 COLLATE=utf8mb4_general_ci;

--
-- Dumping data for table `task`
--

INSERT INTO `task` (`id_task`, `name_task`, `detail_task`, `start_date`, `end_date`, `user_id`, `reminder_date`, `created_at`) VALUES
(3, 'ตรวจงาน', 'ออกนอกสภานที่', '2025-02-21', '2025-02-22', 16, 22, '2025-01-29'),
(10, 'ตรวจงาน', 'AA', '2025-02-22', '2025-02-23', 15, 2, '2025-02-20');

-- --------------------------------------------------------

--
-- Table structure for table `task_group`
--

CREATE TABLE `task_group` (
  `id_task_group` int(11) NOT NULL,
  `task_id` int(11) NOT NULL,
  `user_id` int(11) NOT NULL
) ENGINE=InnoDB DEFAULT CHARSET=utf8mb4 COLLATE=utf8mb4_general_ci;

--
-- Dumping data for table `task_group`
--

INSERT INTO `task_group` (`id_task_group`, `task_id`, `user_id`) VALUES
(3, 3, 15),
(15, 10, 15),
(16, 10, 16);

-- --------------------------------------------------------

--
-- Table structure for table `users`
--

CREATE TABLE `users` (
  `id` int(11) NOT NULL,
  `email` varchar(255) NOT NULL,
  `name` varchar(255) DEFAULT NULL,
  `password` varchar(255) NOT NULL,
  `verify` tinyint(1) DEFAULT 0,
  `otp` varchar(6) DEFAULT NULL,
  `otp_expiry` datetime DEFAULT NULL,
  `otp_attempts` int(11) DEFAULT 0,
  `last_otp_sent` datetime DEFAULT NULL
) ENGINE=InnoDB DEFAULT CHARSET=utf8mb4 COLLATE=utf8mb4_general_ci;

--
-- Dumping data for table `users`
--

INSERT INTO `users` (`id`, `email`, `name`, `password`, `verify`, `otp`, `otp_expiry`, `otp_attempts`, `last_otp_sent`) VALUES
(15, 'rattapoom.p@ku.th', 'Chatchai', '$2y$10$IC4s7Ji1xRzYZ.670JIemujaDdy.xuRZ6PW2lkuLgHcFw.2OGWXYO', 1, NULL, NULL, 0, '2025-01-10 14:52:09'),
(16, 'A@example.com', 'John Doe', '$2y$10$JRRG/Tl3jBYrIyvhSH.KJecyGXNhgW3W8xkxT8dIN2fJ7O1bNxgTe', 1, NULL, NULL, 0, '2025-01-10 14:52:09');

--
-- Indexes for dumped tables
--

--
-- Indexes for table `address`
--
ALTER TABLE `address`
  ADD PRIMARY KEY (`id_address`),
  ADD KEY `id_amphures` (`id_amphures`),
  ADD KEY `id_tambons` (`id_tambons`);

--
-- Indexes for table `amphures`
--
ALTER TABLE `amphures`
  ADD PRIMARY KEY (`id_amphures`);

--
-- Indexes for table `bill_customer`
--
ALTER TABLE `bill_customer`
  ADD PRIMARY KEY (`id_bill`),
  ADD KEY `id_customer` (`id_customer`);

--
-- Indexes for table `customers`
--
ALTER TABLE `customers`
  ADD PRIMARY KEY (`id_customer`),
  ADD KEY `id_address` (`id_address`),
  ADD KEY `id_customer_type` (`id_customer_type`);

--
-- Indexes for table `customer_types`
--
ALTER TABLE `customer_types`
  ADD PRIMARY KEY (`id_customer_type`);

--
-- Indexes for table `gedget`
--
ALTER TABLE `gedget`
  ADD PRIMARY KEY (`id_gedget`),
  ADD KEY `fk_gedget_bill_customer` (`id_bill`);

--
-- Indexes for table `group_service`
--
ALTER TABLE `group_service`
  ADD PRIMARY KEY (`id_group`),
  ADD KEY `fk_group_bill` (`id_bill`);

--
-- Indexes for table `group_servicedetail`
--
ALTER TABLE `group_servicedetail`
  ADD PRIMARY KEY (`id_group_detail`),
  ADD KEY `id_group` (`id_group`),
  ADD KEY `id_service` (`id_service`),
  ADD KEY `id_gedget` (`id_gedget`);

--
-- Indexes for table `notifications`
--
ALTER TABLE `notifications`
  ADD PRIMARY KEY (`id_notifications`),
  ADD KEY `id_user` (`id_user`),
  ADD KEY `id_bill` (`id_bill`),
  ADD KEY `task_id` (`task_id`);

--
-- Indexes for table `overide`
--
ALTER TABLE `overide`
  ADD PRIMARY KEY (`id_overide`),
  ADD KEY `id_product` (`id_product`);

--
-- Indexes for table `package_list`
--
ALTER TABLE `package_list`
  ADD PRIMARY KEY (`id_package`),
  ADD KEY `id_service` (`id_service`);

--
-- Indexes for table `product_list`
--
ALTER TABLE `product_list`
  ADD PRIMARY KEY (`id_product`),
  ADD KEY `id_package` (`id_package`);

--
-- Indexes for table `service_customer`
--
ALTER TABLE `service_customer`
  ADD PRIMARY KEY (`id_service`),
  ADD KEY `id_bill` (`id_bill`);

--
-- Indexes for table `tambons`
--
ALTER TABLE `tambons`
  ADD PRIMARY KEY (`id_tambons`),
  ADD KEY `id_amphures` (`id_amphures`);

--
-- Indexes for table `task`
--
ALTER TABLE `task`
  ADD PRIMARY KEY (`id_task`),
  ADD KEY `user_id` (`user_id`);

--
-- Indexes for table `task_group`
--
ALTER TABLE `task_group`
  ADD PRIMARY KEY (`id_task_group`),
  ADD KEY `task_id` (`task_id`),
  ADD KEY `fk_user_id` (`user_id`);

--
-- Indexes for table `users`
--
ALTER TABLE `users`
  ADD PRIMARY KEY (`id`),
  ADD UNIQUE KEY `email` (`email`);

--
-- AUTO_INCREMENT for dumped tables
--

--
-- AUTO_INCREMENT for table `address`
--
ALTER TABLE `address`
  MODIFY `id_address` int(11) NOT NULL AUTO_INCREMENT, AUTO_INCREMENT=59;

--
-- AUTO_INCREMENT for table `bill_customer`
--
ALTER TABLE `bill_customer`
  MODIFY `id_bill` int(11) NOT NULL AUTO_INCREMENT, AUTO_INCREMENT=67;

--
-- AUTO_INCREMENT for table `customers`
--
ALTER TABLE `customers`
  MODIFY `id_customer` int(11) NOT NULL AUTO_INCREMENT, AUTO_INCREMENT=59;

--
-- AUTO_INCREMENT for table `customer_types`
--
ALTER TABLE `customer_types`
  MODIFY `id_customer_type` int(11) NOT NULL AUTO_INCREMENT, AUTO_INCREMENT=11;

--
-- AUTO_INCREMENT for table `gedget`
--
ALTER TABLE `gedget`
  MODIFY `id_gedget` int(11) NOT NULL AUTO_INCREMENT, AUTO_INCREMENT=6;

--
-- AUTO_INCREMENT for table `group_service`
--
ALTER TABLE `group_service`
  MODIFY `id_group` int(11) NOT NULL AUTO_INCREMENT, AUTO_INCREMENT=2;

--
-- AUTO_INCREMENT for table `group_servicedetail`
--
ALTER TABLE `group_servicedetail`
  MODIFY `id_group_detail` int(11) NOT NULL AUTO_INCREMENT, AUTO_INCREMENT=3;

--
-- AUTO_INCREMENT for table `notifications`
--
ALTER TABLE `notifications`
  MODIFY `id_notifications` int(11) NOT NULL AUTO_INCREMENT, AUTO_INCREMENT=89;

--
-- AUTO_INCREMENT for table `overide`
--
ALTER TABLE `overide`
  MODIFY `id_overide` int(11) NOT NULL AUTO_INCREMENT, AUTO_INCREMENT=231;

--
-- AUTO_INCREMENT for table `package_list`
--
ALTER TABLE `package_list`
  MODIFY `id_package` int(11) NOT NULL AUTO_INCREMENT, AUTO_INCREMENT=136;

--
-- AUTO_INCREMENT for table `product_list`
--
ALTER TABLE `product_list`
  MODIFY `id_product` int(11) NOT NULL AUTO_INCREMENT, AUTO_INCREMENT=234;

--
-- AUTO_INCREMENT for table `service_customer`
--
ALTER TABLE `service_customer`
  MODIFY `id_service` int(11) NOT NULL AUTO_INCREMENT, AUTO_INCREMENT=131;

--
-- AUTO_INCREMENT for table `task`
--
ALTER TABLE `task`
  MODIFY `id_task` int(11) NOT NULL AUTO_INCREMENT, AUTO_INCREMENT=11;

--
-- AUTO_INCREMENT for table `task_group`
--
ALTER TABLE `task_group`
  MODIFY `id_task_group` int(11) NOT NULL AUTO_INCREMENT, AUTO_INCREMENT=17;

--
-- AUTO_INCREMENT for table `users`
--
ALTER TABLE `users`
  MODIFY `id` int(11) NOT NULL AUTO_INCREMENT, AUTO_INCREMENT=41;

--
-- Constraints for dumped tables
--

--
-- Constraints for table `address`
--
ALTER TABLE `address`
  ADD CONSTRAINT `address_ibfk_1` FOREIGN KEY (`id_amphures`) REFERENCES `amphures` (`id_amphures`),
  ADD CONSTRAINT `address_ibfk_2` FOREIGN KEY (`id_tambons`) REFERENCES `tambons` (`id_tambons`);

--
-- Constraints for table `bill_customer`
--
ALTER TABLE `bill_customer`
  ADD CONSTRAINT `bill_customer_ibfk_1` FOREIGN KEY (`id_customer`) REFERENCES `customers` (`id_customer`);

--
-- Constraints for table `customers`
--
ALTER TABLE `customers`
  ADD CONSTRAINT `customers_ibfk_1` FOREIGN KEY (`id_address`) REFERENCES `address` (`id_address`),
  ADD CONSTRAINT `customers_ibfk_2` FOREIGN KEY (`id_customer_type`) REFERENCES `customer_types` (`id_customer_type`);

--
-- Constraints for table `gedget`
--
ALTER TABLE `gedget`
  ADD CONSTRAINT `fk_gedget_bill_customer` FOREIGN KEY (`id_bill`) REFERENCES `bill_customer` (`id_bill`);

--
-- Constraints for table `group_service`
--
ALTER TABLE `group_service`
  ADD CONSTRAINT `fk_group_bill` FOREIGN KEY (`id_bill`) REFERENCES `bill_customer` (`id_bill`) ON DELETE CASCADE;

--
-- Constraints for table `group_servicedetail`
--
ALTER TABLE `group_servicedetail`
  ADD CONSTRAINT `group_servicedetail_ibfk_1` FOREIGN KEY (`id_group`) REFERENCES `group_service` (`id_group`),
  ADD CONSTRAINT `group_servicedetail_ibfk_2` FOREIGN KEY (`id_service`) REFERENCES `service_customer` (`id_service`),
  ADD CONSTRAINT `group_servicedetail_ibfk_3` FOREIGN KEY (`id_gedget`) REFERENCES `gedget` (`id_gedget`);

--
-- Constraints for table `notifications`
--
ALTER TABLE `notifications`
  ADD CONSTRAINT `notifications_ibfk_1` FOREIGN KEY (`id_user`) REFERENCES `users` (`id`),
  ADD CONSTRAINT `notifications_ibfk_2` FOREIGN KEY (`id_bill`) REFERENCES `bill_customer` (`id_bill`),
  ADD CONSTRAINT `notifications_ibfk_3` FOREIGN KEY (`task_id`) REFERENCES `task` (`id_task`);

--
-- Constraints for table `overide`
--
ALTER TABLE `overide`
  ADD CONSTRAINT `overide_ibfk_1` FOREIGN KEY (`id_product`) REFERENCES `product_list` (`id_product`);

--
-- Constraints for table `package_list`
--
ALTER TABLE `package_list`
  ADD CONSTRAINT `package_list_ibfk_1` FOREIGN KEY (`id_service`) REFERENCES `service_customer` (`id_service`);

--
-- Constraints for table `product_list`
--
ALTER TABLE `product_list`
  ADD CONSTRAINT `product_list_ibfk_1` FOREIGN KEY (`id_package`) REFERENCES `package_list` (`id_package`);

--
-- Constraints for table `service_customer`
--
ALTER TABLE `service_customer`
  ADD CONSTRAINT `service_customer_ibfk_1` FOREIGN KEY (`id_bill`) REFERENCES `bill_customer` (`id_bill`);

--
-- Constraints for table `tambons`
--
ALTER TABLE `tambons`
  ADD CONSTRAINT `tambons_ibfk_1` FOREIGN KEY (`id_amphures`) REFERENCES `amphures` (`id_amphures`) ON DELETE CASCADE ON UPDATE CASCADE;

--
-- Constraints for table `task`
--
ALTER TABLE `task`
  ADD CONSTRAINT `task_ibfk_1` FOREIGN KEY (`user_id`) REFERENCES `users` (`id`) ON DELETE CASCADE;

--
-- Constraints for table `task_group`
--
ALTER TABLE `task_group`
  ADD CONSTRAINT `fk_user_id` FOREIGN KEY (`user_id`) REFERENCES `users` (`id`) ON DELETE CASCADE,
  ADD CONSTRAINT `task_group_ibfk_1` FOREIGN KEY (`task_id`) REFERENCES `task` (`id_task`) ON DELETE CASCADE;
COMMIT;

/*!40101 SET CHARACTER_SET_CLIENT=@OLD_CHARACTER_SET_CLIENT */;
/*!40101 SET CHARACTER_SET_RESULTS=@OLD_CHARACTER_SET_RESULTS */;
/*!40101 SET COLLATION_CONNECTION=@OLD_COLLATION_CONNECTION */;
